badge_id,badge_name,family,tier,unlock_criteria,event_name,event_id,event_year,event_category,cloudinary_url,gemini_prompt
01,First Steps,Milestone,—,Play your 1st game,First Moon Landing,moon-landing,1969,exploration,"https://res.cloudinary.com/dscb8inz1/image/upload/c_fill,dpr_auto,f_auto,g_auto,q_auto:good/moon-landing_olbhii?_a=BAMAMiiu0","Using the attached image of ""First Moon Landing"", create an ornate circular achievement medal for the mobile history game ""When"". Embed the supplied image as a full-color domed cameo inset at the center of the medallion, set behind a subtle beveled-glass lens so the original scene stays clearly recognizable. Surround it with a thick polished gold engraved rim. Inscribe the title ""First Steps"" in elegant serif capitals along the top arc and ""Play your 1st game"" along the bottom arc. Encircle the cameo with a ring of tiny embossed footprints and a sprinkle of stars to echo a first step into a new world. Add a small sky-blue enamel ribbon banner across the lower third. Style: highly detailed museum-quality struck-metal medal, soft studio lighting with gentle reflections and depth, centered composition, clean dark-neutral or transparent background, square 1:1 framing sized for a trophy-case grid. Do not add extra text beyond the title and criteria; keep the cameo image faithful to the original."
02,Regular,Milestone,Bronze,Play 10 games,First Olympic Games,first-olympics,-776,cultural,"https://res.cloudinary.com/dscb8inz1/image/upload/c_fill,dpr_auto,f_auto,g_auto,q_auto:good/first-olympics_rlacqv?_a=BAMAMiiu0","Using the attached image of ""First Olympic Games"", create an ornate circular achievement medal for the mobile history game ""When"". Embed the supplied image as a full-color domed cameo inset at the center of the medallion, set behind a subtle beveled-glass lens so the original scene stays clearly recognizable. Surround it with a thick warm bronze engraved rim. Inscribe the title ""Regular"" in elegant serif capitals along the top arc and ""Play 10 games"" along the bottom arc. Wreath the rim with laurel leaves to signal a returning, regular competitor. Add a small olive-green enamel ribbon banner across the lower third. Style: highly detailed museum-quality struck-metal medal, soft studio lighting with gentle reflections and depth, centered composition, clean dark-neutral or transparent background, square 1:1 framing sized for a trophy-case grid. Do not add extra text beyond the title and criteria; keep the cameo image faithful to the original."
03,Dedicated,Milestone,Silver,Play 50 games,Statue of Liberty Dedicated,statue-liberty,1886,infrastructure,"https://res.cloudinary.com/dscb8inz1/image/upload/c_fill,dpr_auto,f_auto,g_auto,q_auto:good/statue-liberty_hhl7wt?_a=BAMAMiiu0","Using the attached image of ""Statue of Liberty Dedicated"", create an ornate circular achievement medal for the mobile history game ""When"". Embed the supplied image as a full-color domed cameo inset at the center of the medallion, set behind a subtle beveled-glass lens so the original scene stays clearly recognizable. Surround it with a thick brushed silver engraved rim. Inscribe the title ""Dedicated"" in elegant serif capitals along the top arc and ""Play 50 games"" along the bottom arc. Add an engraved radiating-rays motif behind the cameo, evoking steadfast dedication. Add a small teal enamel ribbon banner across the lower third. Style: highly detailed museum-quality struck-metal medal, soft studio lighting with gentle reflections and depth, centered composition, clean dark-neutral or transparent background, square 1:1 framing sized for a trophy-case grid. Do not add extra text beyond the title and criteria; keep the cameo image faithful to the original."
04,Centurion,Milestone,Gold,Play 100 games,Colosseum Completed,colosseum-completed,80,infrastructure,"https://res.cloudinary.com/dscb8inz1/image/upload/c_fill,dpr_auto,f_auto,g_auto,q_auto:good/colosseum-completed_synpwn?_a=BAMAMiiu0","Using the attached image of ""Colosseum Completed"", create an ornate circular achievement medal for the mobile history game ""When"". Embed the supplied image as a full-color domed cameo inset at the center of the medallion, set behind a subtle beveled-glass lens so the original scene stays clearly recognizable. Surround it with a thick rich gold engraved rim. Inscribe the title ""Centurion"" in elegant serif capitals along the top arc and ""Play 100 games"" along the bottom arc. Frame the cameo with a Roman-legion laurel and two crossed gladii; stamp a small 'C' (100) into the rim. Add a small crimson enamel ribbon banner across the lower third. Style: highly detailed museum-quality struck-metal medal, soft studio lighting with gentle reflections and depth, centered composition, clean dark-neutral or transparent background, square 1:1 framing sized for a trophy-case grid. Do not add extra text beyond the title and criteria; keep the cameo image faithful to the original."
05,Placer I,Volume,Bronze,Place 100 events correctly,Great Wall Construction Begins,great-wall-begins,-221,infrastructure,"https://res.cloudinary.com/dscb8inz1/image/upload/c_fill,dpr_auto,f_auto,g_auto,q_auto:good/great-wall-begins_so9bxm?_a=BAMAMiiu0","Using the attached image of ""Great Wall Construction Begins"", create an ornate circular achievement medal for the mobile history game ""When"". Embed the supplied image as a full-color domed cameo inset at the center of the medallion, set behind a subtle beveled-glass lens so the original scene stays clearly recognizable. Surround it with a thick warm bronze engraved rim. Inscribe the title ""Placer I"" in elegant serif capitals along the top arc and ""Place 100 events correctly"" along the bottom arc. Texture the rim like stacked stone blocks to suggest a builder laying foundations. Add a small sand enamel ribbon banner across the lower third. Style: highly detailed museum-quality struck-metal medal, soft studio lighting with gentle reflections and depth, centered composition, clean dark-neutral or transparent background, square 1:1 framing sized for a trophy-case grid. Do not add extra text beyond the title and criteria; keep the cameo image faithful to the original."
06,Placer II,Volume,Silver,Place 500 events correctly,Great Pyramid of Giza Built,pyramids,-2560,infrastructure,"https://res.cloudinary.com/dscb8inz1/image/upload/c_fill,dpr_auto,f_auto,g_auto,q_auto:good/pyramids_gqlrge?_a=BAMAMiiu0","Using the attached image of ""Great Pyramid of Giza Built"", create an ornate circular achievement medal for the mobile history game ""When"". Embed the supplied image as a full-color domed cameo inset at the center of the medallion, set behind a subtle beveled-glass lens so the original scene stays clearly recognizable. Surround it with a thick brushed silver engraved rim. Inscribe the title ""Placer II"" in elegant serif capitals along the top arc and ""Place 500 events correctly"" along the bottom arc. Texture the rim with cut-stone masonry and a faint pyramidal emboss behind the cameo. Add a small sand enamel ribbon banner across the lower third. Style: highly detailed museum-quality struck-metal medal, soft studio lighting with gentle reflections and depth, centered composition, clean dark-neutral or transparent background, square 1:1 framing sized for a trophy-case grid. Do not add extra text beyond the title and criteria; keep the cameo image faithful to the original."
07,Placer III,Volume,Gold,"Place 1,000 events correctly",Step Pyramid of Djoser Built,step-pyramid-djoser,-2650,infrastructure,"https://res.cloudinary.com/dscb8inz1/image/upload/c_fill,dpr_auto,f_auto,g_auto,q_auto:good/step-pyramid-djoser_cucfih?_a=BAMAMiiu0","Using the attached image of ""Step Pyramid of Djoser Built"", create an ornate circular achievement medal for the mobile history game ""When"". Embed the supplied image as a full-color domed cameo inset at the center of the medallion, set behind a subtle beveled-glass lens so the original scene stays clearly recognizable. Surround it with a thick rich gold engraved rim. Inscribe the title ""Placer III"" in elegant serif capitals along the top arc and ""Place 1,000 events correctly"" along the bottom arc. Make the rim a grand tiered-stone motif, the cameo crowning a monumental build. Add a small sand enamel ribbon banner across the lower third. Style: highly detailed museum-quality struck-metal medal, soft studio lighting with gentle reflections and depth, centered composition, clean dark-neutral or transparent background, square 1:1 framing sized for a trophy-case grid. Do not add extra text beyond the title and criteria; keep the cameo image faithful to the original."
08,Polymath,Collection,Gold,Place an event in all 7 categories,Mona Lisa Painted,leonardo-mona-lisa,1503,cultural,"https://res.cloudinary.com/dscb8inz1/image/upload/c_fill,dpr_auto,f_auto,g_auto,q_auto:good/leonardo-mona-lisa_rgz72q?_a=BAMAMiiu0","Using the attached image of ""Mona Lisa Painted"", create an ornate circular achievement medal for the mobile history game ""When"". Embed the supplied image as a full-color domed cameo inset at the center of the medallion, set behind a subtle beveled-glass lens so the original scene stays clearly recognizable. Surround it with a thick antique gold engraved rim. Inscribe the title ""Polymath"" in elegant serif capitals along the top arc and ""Place an event in all 7 categories"" along the bottom arc. Ring the cameo with seven small engraved discs (one per discipline) and faint da-Vinci-style sketch lines. Add a small deep-burgundy enamel ribbon banner across the lower third. Style: highly detailed museum-quality struck-metal medal, soft studio lighting with gentle reflections and depth, centered composition, clean dark-neutral or transparent background, square 1:1 framing sized for a trophy-case grid. Do not add extra text beyond the title and criteria; keep the cameo image faithful to the original."
09,Category Buff: Conflict,Collection,Steel,Place 5 Conflict events,Battle of Marathon,battle-marathon,-490,conflict,"https://res.cloudinary.com/dscb8inz1/image/upload/c_fill,dpr_auto,f_auto,g_auto,q_auto:good/battle-marathon_soclqv?_a=BAMAMiiu0","Using the attached image of ""Battle of Marathon"", create an ornate circular achievement medal for the mobile history game ""When"". Embed the supplied image as a full-color domed cameo inset at the center of the medallion, set behind a subtle beveled-glass lens so the original scene stays clearly recognizable. Surround it with a thick blued steel engraved rim. Inscribe the title ""Category Buff: Conflict"" in elegant serif capitals along the top arc and ""Place 5 Conflict events"" along the bottom arc. Flank the cameo with two crossed spears and a small shield emblem for the Conflict category. Add a small oxblood-red enamel ribbon banner across the lower third. Style: highly detailed museum-quality struck-metal medal, soft studio lighting with gentle reflections and depth, centered composition, clean dark-neutral or transparent background, square 1:1 framing sized for a trophy-case grid. Do not add extra text beyond the title and criteria; keep the cameo image faithful to the original."
10,Category Buff: Cultural,Collection,Steel,Place 5 Cultural events,Gutenberg's Printing Press,printing-press-revolution,1440,cultural,"https://res.cloudinary.com/dscb8inz1/image/upload/c_fill,dpr_auto,f_auto,g_auto,q_auto:good/printing-press-revolution_kaudvb?_a=BAMAMiiu0","Using the attached image of ""Gutenberg's Printing Press"", create an ornate circular achievement medal for the mobile history game ""When"". Embed the supplied image as a full-color domed cameo inset at the center of the medallion, set behind a subtle beveled-glass lens so the original scene stays clearly recognizable. Surround it with a thick blued steel engraved rim. Inscribe the title ""Category Buff: Cultural"" in elegant serif capitals along the top arc and ""Place 5 Cultural events"" along the bottom arc. Add an open-book and quill motif on the rim for the Cultural category. Add a small royal-purple enamel ribbon banner across the lower third. Style: highly detailed museum-quality struck-metal medal, soft studio lighting with gentle reflections and depth, centered composition, clean dark-neutral or transparent background, square 1:1 framing sized for a trophy-case grid. Do not add extra text beyond the title and criteria; keep the cameo image faithful to the original."
11,Category Buff: Diplomatic,Collection,Steel,Place 5 Diplomatic events,Magna Carta Signed,magna-carta,1215,diplomatic,"https://res.cloudinary.com/dscb8inz1/image/upload/c_fill,dpr_auto,f_auto,g_auto,q_auto:good/magna-carta_n1rc9i?_a=BAMAMiiu0","Using the attached image of ""Magna Carta Signed"", create an ornate circular achievement medal for the mobile history game ""When"". Embed the supplied image as a full-color domed cameo inset at the center of the medallion, set behind a subtle beveled-glass lens so the original scene stays clearly recognizable. Surround it with a thick blued steel engraved rim. Inscribe the title ""Category Buff: Diplomatic"" in elegant serif capitals along the top arc and ""Place 5 Diplomatic events"" along the bottom arc. Add a wax-seal-and-scroll motif and a pair of olive branches for the Diplomatic category. Add a small navy enamel ribbon banner across the lower third. Style: highly detailed museum-quality struck-metal medal, soft studio lighting with gentle reflections and depth, centered composition, clean dark-neutral or transparent background, square 1:1 framing sized for a trophy-case grid. Do not add extra text beyond the title and criteria; keep the cameo image faithful to the original."
12,Category Buff: Disasters,Collection,Steel,Place 5 Disasters events,Destruction of Pompeii,pompeii,79,disasters,"https://res.cloudinary.com/dscb8inz1/image/upload/c_fill,dpr_auto,f_auto,g_auto,q_auto:good/pompeii_mmd3nh?_a=BAMAMiiu0","Using the attached image of ""Destruction of Pompeii"", create an ornate circular achievement medal for the mobile history game ""When"". Embed the supplied image as a full-color domed cameo inset at the center of the medallion, set behind a subtle beveled-glass lens so the original scene stays clearly recognizable. Surround it with a thick blued steel engraved rim. Inscribe the title ""Category Buff: Disasters"" in elegant serif capitals along the top arc and ""Place 5 Disasters events"" along the bottom arc. Ring the rim with stylised flames and cracked-earth engraving for the Disasters category. Add a small ember-orange enamel ribbon banner across the lower third. Style: highly detailed museum-quality struck-metal medal, soft studio lighting with gentle reflections and depth, centered composition, clean dark-neutral or transparent background, square 1:1 framing sized for a trophy-case grid. Do not add extra text beyond the title and criteria; keep the cameo image faithful to the original."
13,Category Buff: Exploration,Collection,Steel,Place 5 Exploration events,Wright Brothers' First Flight,wright-brothers-flight,1903,exploration,"https://res.cloudinary.com/dscb8inz1/image/upload/c_fill,dpr_auto,f_auto,g_auto,q_auto:good/wright-brothers-flight_bwni0n?_a=BAMAMiiu0","Using the attached image of ""Wright Brothers' First Flight"", create an ornate circular achievement medal for the mobile history game ""When"". Embed the supplied image as a full-color domed cameo inset at the center of the medallion, set behind a subtle beveled-glass lens so the original scene stays clearly recognizable. Surround it with a thick blued steel engraved rim. Inscribe the title ""Category Buff: Exploration"" in elegant serif capitals along the top arc and ""Place 5 Exploration events"" along the bottom arc. Add a compass-rose and tiny propeller/wing motif for the Exploration category. Add a small sky-blue enamel ribbon banner across the lower third. Style: highly detailed museum-quality struck-metal medal, soft studio lighting with gentle reflections and depth, centered composition, clean dark-neutral or transparent background, square 1:1 framing sized for a trophy-case grid. Do not add extra text beyond the title and criteria; keep the cameo image faithful to the original."
14,Category Buff: Infrastructure,Collection,Steel,Place 5 Infrastructure events,Eiffel Tower Completed,eiffel-tower,1889,infrastructure,"https://res.cloudinary.com/dscb8inz1/image/upload/c_fill,dpr_auto,f_auto,g_auto,q_auto:good/eiffel-tower_hmglcq?_a=BAMAMiiu0","Using the attached image of ""Eiffel Tower Completed"", create an ornate circular achievement medal for the mobile history game ""When"". Embed the supplied image as a full-color domed cameo inset at the center of the medallion, set behind a subtle beveled-glass lens so the original scene stays clearly recognizable. Surround it with a thick blued steel engraved rim. Inscribe the title ""Category Buff: Infrastructure"" in elegant serif capitals along the top arc and ""Place 5 Infrastructure events"" along the bottom arc. Add a gear, girder and rivet motif on the rim for the Infrastructure category. Add a small slate-gray enamel ribbon banner across the lower third. Style: highly detailed museum-quality struck-metal medal, soft studio lighting with gentle reflections and depth, centered composition, clean dark-neutral or transparent background, square 1:1 framing sized for a trophy-case grid. Do not add extra text beyond the title and criteria; keep the cameo image faithful to the original."
15,Category Buff: People,Collection,Steel,Place 5 People events,Shakespeare Born,shakespeare-born,1564,cultural,"https://res.cloudinary.com/dscb8inz1/image/upload/c_fill,dpr_auto,f_auto,g_auto,q_auto:good/shakespeare-born_nwygy0?_a=BAMAMiiu0","Using the attached image of ""Shakespeare Born"", create an ornate circular achievement medal for the mobile history game ""When"". Embed the supplied image as a full-color domed cameo inset at the center of the medallion, set behind a subtle beveled-glass lens so the original scene stays clearly recognizable. Surround it with a thick blued steel engraved rim. Inscribe the title ""Category Buff: People"" in elegant serif capitals along the top arc and ""Place 5 People events"" along the bottom arc. Frame the portrait cameo with a laurel and a small quill for the People category. Add a small forest-green enamel ribbon banner across the lower third. Style: highly detailed museum-quality struck-metal medal, soft studio lighting with gentle reflections and depth, centered composition, clean dark-neutral or transparent background, square 1:1 framing sized for a trophy-case grid. Do not add extra text beyond the title and criteria; keep the cameo image faithful to the original."
16,Ancient Historian,Collection,Verdigris,Place an event older than 1000 BCE,Battle of Megiddo,battle-megiddo,-1457,conflict,"https://res.cloudinary.com/dscb8inz1/image/upload/c_fill,dpr_auto,f_auto,g_auto,q_auto:good/battle-megiddo_b8ke6w?_a=BAMAMiiu0","Using the attached image of ""Battle of Megiddo"", create an ornate circular achievement medal for the mobile history game ""When"". Embed the supplied image as a full-color domed cameo inset at the center of the medallion, set behind a subtle beveled-glass lens so the original scene stays clearly recognizable. Surround it with a thick ancient verdigris bronze engraved rim. Inscribe the title ""Ancient Historian"" in elegant serif capitals along the top arc and ""Place an event older than 1000 BCE"" along the bottom arc. Make the medal look excavated and patinated, rim carved with faux-cuneiform glyphs, edges worn with age. Add a small aged-gold enamel ribbon banner across the lower third. Style: highly detailed museum-quality struck-metal medal, soft studio lighting with gentle reflections and depth, centered composition, clean dark-neutral or transparent background, square 1:1 framing sized for a trophy-case grid. Do not add extra text beyond the title and criteria; keep the cameo image faithful to the original."
17,Across the Ages,Collection,Gold,Place events spanning many centuries,Great Wall of China,great-wall-china,-221,infrastructure,"https://res.cloudinary.com/dscb8inz1/image/upload/c_fill,dpr_auto,f_auto,g_auto,q_auto:good/great-wall-china_xtcx8z?_a=BAMAMiiu0","Using the attached image of ""Great Wall of China"", create an ornate circular achievement medal for the mobile history game ""When"". Embed the supplied image as a full-color domed cameo inset at the center of the medallion, set behind a subtle beveled-glass lens so the original scene stays clearly recognizable. Surround it with a thick two-tone gold and silver engraved rim. Inscribe the title ""Across the Ages"" in elegant serif capitals along the top arc and ""Place events spanning many centuries"" along the bottom arc. Wrap the rim in an hourglass-and-laurel motif; let the metal shade from aged patina on one side to bright gold on the other to show time's passage. Add a small jade-green enamel ribbon banner across the lower third. Style: highly detailed museum-quality struck-metal medal, soft studio lighting with gentle reflections and depth, centered composition, clean dark-neutral or transparent background, square 1:1 framing sized for a trophy-case grid. Do not add extra text beyond the title and criteria; keep the cameo image faithful to the original."
18,Hard Mode,Collection,Obsidian,Place 10 very-hard events,First Everest Summit,everest,1953,exploration,"https://res.cloudinary.com/dscb8inz1/image/upload/c_fill,dpr_auto,f_auto,g_auto,q_auto:good/everest_gqjhcl?_a=BAMAMiiu0","Using the attached image of ""First Everest Summit"", create an ornate circular achievement medal for the mobile history game ""When"". Embed the supplied image as a full-color domed cameo inset at the center of the medallion, set behind a subtle beveled-glass lens so the original scene stays clearly recognizable. Surround it with a thick dark obsidian with gold inlay engraved rim. Inscribe the title ""Hard Mode"" in elegant serif capitals along the top arc and ""Place 10 very-hard events"" along the bottom arc. Carve jagged mountain peaks into the rim and add a small gold ice-axe; a cold, severe, high-difficulty look. Add a small ice-white enamel ribbon banner across the lower third. Style: highly detailed museum-quality struck-metal medal, soft studio lighting with gentle reflections and depth, centered composition, clean dark-neutral or transparent background, square 1:1 framing sized for a trophy-case grid. Do not add extra text beyond the title and criteria; keep the cameo image faithful to the original."
19,On a Roll,Streak,Bronze,In-game streak of 5,Blitzkrieg Tactics Deployed,blitzkrieg-tactics-deployed,1939,conflict,"https://res.cloudinary.com/dscb8inz1/image/upload/c_fill,dpr_auto,f_auto,g_auto,q_auto:good/blitzkrieg-tactics-deployed_igse4f?_a=BAMAMiiu0","Using the attached image of ""Blitzkrieg Tactics Deployed"", create an ornate circular achievement medal for the mobile history game ""When"". Embed the supplied image as a full-color domed cameo inset at the center of the medallion, set behind a subtle beveled-glass lens so the original scene stays clearly recognizable. Surround it with a thick warm bronze engraved rim. Inscribe the title ""On a Roll"" in elegant serif capitals along the top arc and ""In-game streak of 5"" along the bottom arc. Add motion streaks and a single small flame to suggest gathering momentum (streak of 5). Add a small amber enamel ribbon banner across the lower third. Style: highly detailed museum-quality struck-metal medal, soft studio lighting with gentle reflections and depth, centered composition, clean dark-neutral or transparent background, square 1:1 framing sized for a trophy-case grid. Do not add extra text beyond the title and criteria; keep the cameo image faithful to the original."
20,Momentum,Streak,Copper,In-game streak of 10,Genghis Khan Unites Mongols,genghis-khan,1206,conflict,"https://res.cloudinary.com/dscb8inz1/image/upload/c_fill,dpr_auto,f_auto,g_auto,q_auto:good/genghis-khan_kvlsgi?_a=BAMAMiiu0","Using the attached image of ""Genghis Khan Unites Mongols"", create an ornate circular achievement medal for the mobile history game ""When"". Embed the supplied image as a full-color domed cameo inset at the center of the medallion, set behind a subtle beveled-glass lens so the original scene stays clearly recognizable. Surround it with a thick burnished copper engraved rim. Inscribe the title ""Momentum"" in elegant serif capitals along the top arc and ""In-game streak of 10"" along the bottom arc. Add galloping motion lines and two flames around the cameo (streak of 10). Add a small amber enamel ribbon banner across the lower third. Style: highly detailed museum-quality struck-metal medal, soft studio lighting with gentle reflections and depth, centered composition, clean dark-neutral or transparent background, square 1:1 framing sized for a trophy-case grid. Do not add extra text beyond the title and criteria; keep the cameo image faithful to the original."
21,Rampage,Streak,Silver,In-game streak of 15,Alexander Conquers Persia,alexander-empire,-331,conflict,"https://res.cloudinary.com/dscb8inz1/image/upload/c_fill,dpr_auto,f_auto,g_auto,q_auto:good/alexander-empire_duesbg?_a=BAMAMiiu0","Using the attached image of ""Alexander Conquers Persia"", create an ornate circular achievement medal for the mobile history game ""When"". Embed the supplied image as a full-color domed cameo inset at the center of the medallion, set behind a subtle beveled-glass lens so the original scene stays clearly recognizable. Surround it with a thick brushed silver engraved rim. Inscribe the title ""Rampage"" in elegant serif capitals along the top arc and ""In-game streak of 15"" along the bottom arc. Add bold radiating speed-lines and three flames; a conquering, surging feel (streak of 15). Add a small amber enamel ribbon banner across the lower third. Style: highly detailed museum-quality struck-metal medal, soft studio lighting with gentle reflections and depth, centered composition, clean dark-neutral or transparent background, square 1:1 framing sized for a trophy-case grid. Do not add extra text beyond the title and criteria; keep the cameo image faithful to the original."
22,Juggernaut,Streak,Gold,In-game streak of 20,Napoleon Crowned Emperor,napoleon-emperor,1804,conflict,"https://res.cloudinary.com/dscb8inz1/image/upload/c_fill,dpr_auto,f_auto,g_auto,q_auto:good/napoleon-emperor_owadjr?_a=BAMAMiiu0","Using the attached image of ""Napoleon Crowned Emperor"", create an ornate circular achievement medal for the mobile history game ""When"". Embed the supplied image as a full-color domed cameo inset at the center of the medallion, set behind a subtle beveled-glass lens so the original scene stays clearly recognizable. Surround it with a thick rich gold engraved rim. Inscribe the title ""Juggernaut"" in elegant serif capitals along the top arc and ""In-game streak of 20"" along the bottom arc. Add a laurel-crown and four flames blazing around the rim (streak of 20). Add a small amber enamel ribbon banner across the lower third. Style: highly detailed museum-quality struck-metal medal, soft studio lighting with gentle reflections and depth, centered composition, clean dark-neutral or transparent background, square 1:1 framing sized for a trophy-case grid. Do not add extra text beyond the title and criteria; keep the cameo image faithful to the original."
23,Unstoppable,Streak,Platinum,In-game streak of 25,Charlemagne Crowned Emperor,charlemagne,800,conflict,"https://res.cloudinary.com/dscb8inz1/image/upload/c_fill,dpr_auto,f_auto,g_auto,q_auto:good/charlemagne_uodxna?_a=BAMAMiiu0","Using the attached image of ""Charlemagne Crowned Emperor"", create an ornate circular achievement medal for the mobile history game ""When"". Embed the supplied image as a full-color domed cameo inset at the center of the medallion, set behind a subtle beveled-glass lens so the original scene stays clearly recognizable. Surround it with a thick platinum with gold flames engraved rim. Inscribe the title ""Unstoppable"" in elegant serif capitals along the top arc and ""In-game streak of 25"" along the bottom arc. Engulf the rim in five stylised flames and an imperial crown; the pinnacle streak badge (streak of 25). Add a small white-gold enamel ribbon banner across the lower third. Style: highly detailed museum-quality struck-metal medal, soft studio lighting with gentle reflections and depth, centered composition, clean dark-neutral or transparent background, square 1:1 framing sized for a trophy-case grid. Do not add extra text beyond the title and criteria; keep the cameo image faithful to the original."
24,Habit,Cadence,Bronze,Daily streak of 3 days,Monet's Impression Sunrise,monets-impression-sunrise,1872,diplomatic,"https://res.cloudinary.com/dscb8inz1/image/upload/c_fill,dpr_auto,f_auto,g_auto,q_auto:good/monets-impression-sunrise_xvobz6?_a=BAMAMiiu0","Using the attached image of ""Monet's Impression Sunrise"", create an ornate circular achievement medal for the mobile history game ""When"". Embed the supplied image as a full-color domed cameo inset at the center of the medallion, set behind a subtle beveled-glass lens so the original scene stays clearly recognizable. Surround it with a thick warm bronze engraved rim. Inscribe the title ""Habit"" in elegant serif capitals along the top arc and ""Daily streak of 3 days"" along the bottom arc. Add a small rising-sun motif at the base of the rim for an early daily habit (3-day streak). Add a small peach enamel ribbon banner across the lower third. Style: highly detailed museum-quality struck-metal medal, soft studio lighting with gentle reflections and depth, centered composition, clean dark-neutral or transparent background, square 1:1 framing sized for a trophy-case grid. Do not add extra text beyond the title and criteria; keep the cameo image faithful to the original."
25,Routine,Cadence,Silver,Daily streak of 7 days,Mayan Calendar System,mayan-written-calendar,-100,cultural,"https://res.cloudinary.com/dscb8inz1/image/upload/c_fill,dpr_auto,f_auto,g_auto,q_auto:good/mayan-written-calendar_di0dm3?_a=BAMAMiiu0","Using the attached image of ""Mayan Calendar System"", create an ornate circular achievement medal for the mobile history game ""When"". Embed the supplied image as a full-color domed cameo inset at the center of the medallion, set behind a subtle beveled-glass lens so the original scene stays clearly recognizable. Surround it with a thick brushed silver engraved rim. Inscribe the title ""Routine"" in elegant serif capitals along the top arc and ""Daily streak of 7 days"" along the bottom arc. Ring the rim with a seven-segment calendar-glyph band (7-day streak). Add a small turquoise enamel ribbon banner across the lower third. Style: highly detailed museum-quality struck-metal medal, soft studio lighting with gentle reflections and depth, centered composition, clean dark-neutral or transparent background, square 1:1 framing sized for a trophy-case grid. Do not add extra text beyond the title and criteria; keep the cameo image faithful to the original."
26,Devotion,Cadence,Gold,Daily streak of 30 days,Maya Calendar Precision,maya-astronomical-calendar,700,exploration,"https://res.cloudinary.com/dscb8inz1/image/upload/c_fill,dpr_auto,f_auto,g_auto,q_auto:good/maya-astronomical-calendar_mcjyty?_a=BAMAMiiu0","Using the attached image of ""Maya Calendar Precision"", create an ornate circular achievement medal for the mobile history game ""When"". Embed the supplied image as a full-color domed cameo inset at the center of the medallion, set behind a subtle beveled-glass lens so the original scene stays clearly recognizable. Surround it with a thick rich gold engraved rim. Inscribe the title ""Devotion"" in elegant serif capitals along the top arc and ""Daily streak of 30 days"" along the bottom arc. Carve a full circular calendar-wheel of glyphs into the rim (30-day streak). Add a small turquoise enamel ribbon banner across the lower third. Style: highly detailed museum-quality struck-metal medal, soft studio lighting with gentle reflections and depth, centered composition, clean dark-neutral or transparent background, square 1:1 framing sized for a trophy-case grid. Do not add extra text beyond the title and criteria; keep the cameo image faithful to the original."
27,Eternal,Cadence,Diamond,Daily streak of 100 days,Russia Adopts Modern Calendar,russia-anno-domini,1700,cultural,"https://res.cloudinary.com/dscb8inz1/image/upload/c_fill,dpr_auto,f_auto,g_auto,q_auto:good/russia-anno-domini_tonm54?_a=BAMAMiiu0","Using the attached image of ""Russia Adopts Modern Calendar"", create an ornate circular achievement medal for the mobile history game ""When"". Embed the supplied image as a full-color domed cameo inset at the center of the medallion, set behind a subtle beveled-glass lens so the original scene stays clearly recognizable. Surround it with a thick platinum set with diamonds engraved rim. Inscribe the title ""Eternal"" in elegant serif capitals along the top arc and ""Daily streak of 100 days"" along the bottom arc. Set the rim with tiny brilliant gems and an ouroboros (endless) motif for the ultimate 100-day streak. Add a small ice-blue enamel ribbon banner across the lower third. Style: highly detailed museum-quality struck-metal medal, soft studio lighting with gentle reflections and depth, centered composition, clean dark-neutral or transparent background, square 1:1 framing sized for a trophy-case grid. Do not add extra text beyond the title and criteria; keep the cameo image faithful to the original."
28,Chronologist I,Single-Game,Bronze,Best single game of 10 correct,Sundial Invented,sundial-invented,-1500,exploration,"https://res.cloudinary.com/dscb8inz1/image/upload/c_fill,dpr_auto,f_auto,g_auto,q_auto:good/sundial-invented_mbbrtd?_a=BAMAMiiu0","Using the attached image of ""Sundial Invented"", create an ornate circular achievement medal for the mobile history game ""When"". Embed the supplied image as a full-color domed cameo inset at the center of the medallion, set behind a subtle beveled-glass lens so the original scene stays clearly recognizable. Surround it with a thick warm bronze engraved rim. Inscribe the title ""Chronologist I"" in elegant serif capitals along the top arc and ""Best single game of 10 correct"" along the bottom arc. Add sundial gnomon-and-shadow lines radiating across the rim (best of 10). Add a small sunstone-gold enamel ribbon banner across the lower third. Style: highly detailed museum-quality struck-metal medal, soft studio lighting with gentle reflections and depth, centered composition, clean dark-neutral or transparent background, square 1:1 framing sized for a trophy-case grid. Do not add extra text beyond the title and criteria; keep the cameo image faithful to the original."
29,Chronologist II,Single-Game,Copper,Best single game of 15 correct,Water Clock,water-clock,-2000,exploration,"https://res.cloudinary.com/dscb8inz1/image/upload/c_fill,dpr_auto,f_auto,g_auto,q_auto:good/water-clock_oz4lsm?_a=BAMAMiiu0","Using the attached image of ""Water Clock"", create an ornate circular achievement medal for the mobile history game ""When"". Embed the supplied image as a full-color domed cameo inset at the center of the medallion, set behind a subtle beveled-glass lens so the original scene stays clearly recognizable. Surround it with a thick burnished copper engraved rim. Inscribe the title ""Chronologist II"" in elegant serif capitals along the top arc and ""Best single game of 15 correct"" along the bottom arc. Add flowing-water grooves and drip marks around the rim (best of 15). Add a small aqua enamel ribbon banner across the lower third. Style: highly detailed museum-quality struck-metal medal, soft studio lighting with gentle reflections and depth, centered composition, clean dark-neutral or transparent background, square 1:1 framing sized for a trophy-case grid. Do not add extra text beyond the title and criteria; keep the cameo image faithful to the original."
30,Chronologist III,Single-Game,Silver,Best single game of 20 correct,Incense Clock,incense-clock,500,exploration,"https://res.cloudinary.com/dscb8inz1/image/upload/c_fill,dpr_auto,f_auto,g_auto,q_auto:good/incense-clock_b6i1fe?_a=BAMAMiiu0","Using the attached image of ""Incense Clock"", create an ornate circular achievement medal for the mobile history game ""When"". Embed the supplied image as a full-color domed cameo inset at the center of the medallion, set behind a subtle beveled-glass lens so the original scene stays clearly recognizable. Surround it with a thick brushed silver engraved rim. Inscribe the title ""Chronologist III"" in elegant serif capitals along the top arc and ""Best single game of 20 correct"" along the bottom arc. Add curling incense-smoke engraving rising around the cameo (best of 20). Add a small smoke-gray enamel ribbon banner across the lower third. Style: highly detailed museum-quality struck-metal medal, soft studio lighting with gentle reflections and depth, centered composition, clean dark-neutral or transparent background, square 1:1 framing sized for a trophy-case grid. Do not add extra text beyond the title and criteria; keep the cameo image faithful to the original."
31,Chronologist IV,Single-Game,Gold,Best single game of 25 correct,Mechanical Clock Invented,mechanical-clock,1300,exploration,"https://res.cloudinary.com/dscb8inz1/image/upload/c_fill,dpr_auto,f_auto,g_auto,q_auto:good/mechanical-clock_iqit2c?_a=BAMAMiiu0","Using the attached image of ""Mechanical Clock Invented"", create an ornate circular achievement medal for the mobile history game ""When"". Embed the supplied image as a full-color domed cameo inset at the center of the medallion, set behind a subtle beveled-glass lens so the original scene stays clearly recognizable. Surround it with a thick rich gold engraved rim. Inscribe the title ""Chronologist IV"" in elegant serif capitals along the top arc and ""Best single game of 25 correct"" along the bottom arc. Ring the rim with interlocking clockwork gears and escapement teeth (best of 25). Add a small bronze enamel ribbon banner across the lower third. Style: highly detailed museum-quality struck-metal medal, soft studio lighting with gentle reflections and depth, centered composition, clean dark-neutral or transparent background, square 1:1 framing sized for a trophy-case grid. Do not add extra text beyond the title and criteria; keep the cameo image faithful to the original."
32,Chronologist V,Single-Game,Platinum,Best single game of 30 correct,Pendulum Clock Invented,pendulum-clock,1656,exploration,"https://res.cloudinary.com/dscb8inz1/image/upload/c_fill,dpr_auto,f_auto,g_auto,q_auto:good/pendulum-clock_ecwxh1?_a=BAMAMiiu0","Using the attached image of ""Pendulum Clock Invented"", create an ornate circular achievement medal for the mobile history game ""When"". Embed the supplied image as a full-color domed cameo inset at the center of the medallion, set behind a subtle beveled-glass lens so the original scene stays clearly recognizable. Surround it with a thick platinum with gold gears engraved rim. Inscribe the title ""Chronologist V"" in elegant serif capitals along the top arc and ""Best single game of 30 correct"" along the bottom arc. Add a swinging-pendulum motif beneath the cameo and a full gear-train rim; the master timekeeper badge (best of 30). Add a small midnight-blue enamel ribbon banner across the lower third. Style: highly detailed museum-quality struck-metal medal, soft studio lighting with gentle reflections and depth, centered composition, clean dark-neutral or transparent background, square 1:1 framing sized for a trophy-case grid. Do not add extra text beyond the title and criteria; keep the cameo image faithful to the original."
33,Loyal,Cadence,Gold,Play on many distinct days,Tennis Court Oath,tennis-court-oath,1789,diplomatic,"https://res.cloudinary.com/dscb8inz1/image/upload/c_fill,dpr_auto,f_auto,g_auto,q_auto:good/tennis-court-oath_ttwebk?_a=BAMAMiiu0","Using the attached image of ""Tennis Court Oath"", create an ornate circular achievement medal for the mobile history game ""When"". Embed the supplied image as a full-color domed cameo inset at the center of the medallion, set behind a subtle beveled-glass lens so the original scene stays clearly recognizable. Surround it with a thick rich gold engraved rim. Inscribe the title ""Loyal"" in elegant serif capitals along the top arc and ""Play on many distinct days"" along the bottom arc. Add a raised-hand oath motif and a knotted ribbon of loyalty across the lower rim. Add a small royal-blue enamel ribbon banner across the lower third. Style: highly detailed museum-quality struck-metal medal, soft studio lighting with gentle reflections and depth, centered composition, clean dark-neutral or transparent background, square 1:1 framing sized for a trophy-case grid. Do not add extra text beyond the title and criteria; keep the cameo image faithful to the original."
