cluster,size,year,title,category_file,has_image,name
1,2,3500000000 BCE,First Cyanobacteria Appear,earth-life,yes,first-cyanobacteria
1,2,3400000000 BCE,First Photosynthetic Bacteria,exploration,yes,first-photosynthetic-bacteria
2,2,1800000000 BCE,First Complex Cells,exploration,yes,first-complex-cells
2,2,1800000000 BCE,First Complex Cells Evolve,earth-life,yes,first-eukaryotic-cells
3,2,538800000 BCE,Cambrian Period Begins,exploration,yes,cambrian-period-begins
3,2,538000000 BCE,Cambrian Explosion,earth-life,yes,cambrian-explosion
4,2,525000000 BCE,First Fish,exploration,yes,first-fish
4,2,518000000 BCE,First Vertebrates Evolve,earth-life,yes,first-vertebrates
5,2,470000000 BCE,First Land Plants,exploration,yes,first-land-plants
5,2,470000000 BCE,Plants Colonize Land,earth-life,yes,plants-colonize-land
6,2,375000000 BCE,First Amphibians (Tiktaalik),exploration,yes,first-amphibians-tiktaalik
6,2,375000000 BCE,Fish Crawl Onto Land,earth-life,yes,fish-walk-onto-land
7,2,252000000 BCE,The Great Dying,earth-life,yes,great-dying-extinction
7,2,251900000 BCE,End-Permian Mass Extinction,exploration,yes,end-permian-mass-extinction
8,2,225000000 BCE,First Mammals,exploration,yes,first-mammals
8,2,225000000 BCE,First Mammals Evolve,earth-life,yes,first-mammals-evolve
9,2,68000000 BCE,Tyrannosaurus rex,exploration,yes,tyrannosaurus-rex
9,2,68000000 BCE,T. rex Roams North America,earth-life,yes,tyrannosaurus-roams
10,2,4000000 BCE,First Hominins,exploration,yes,first-hominins-australopithecus
10,2,4000000 BCE,Early Humans Walk Upright,earth-life,yes,first-upright-walkers
11,2,300000 BCE,First Homo Sapiens,exploration,yes,first-humans
11,2,200000 BCE,Anatomically Modern Humans Emerge,exploration,yes,anatomically-modern-humans
12,2,70000 BCE,Human Migration Out of Africa,exploration,yes,migration-out-africa
12,2,70000 BCE,Out of Africa Dispersal,migration,yes,out-of-africa-dispersal
13,2,70000 BCE,Sewing Needle,exploration,yes,sewing-needle
13,2,28000 BCE,Eyed Bone Needle,clothing,yes,bone-eyed-needle
14,2,50000 BCE,Aboriginal Culture Established,cultural,yes,aboriginal-australian
14,2,50000 BCE,Humans Reach Australia,migration,yes,humans-reach-australia
15,2,44000 BCE,Tally Sticks,exploration,yes,tally-sticks
15,2,20000 BCE,Notched Tally Bones,communication,yes,tally-bone-counting
16,2,40000 BCE,Neanderthal Extinction,disasters,yes,neanderthal-extinction
16,2,30000 BCE,Extinction of Neanderthals,disasters,yes,extinction-neanderthals
17,2,16000 BCE,Peopling via Beringia,migration,yes,peopling-beringia
17,2,15000 BCE,Humans Reach the Americas,exploration,yes,humans-reach-the-americas
18,2,15000 BCE,Domestication of Dogs,exploration,yes,domestication-dogs
18,2,15000 BCE,Dogs Become Human Companions,earth-life,yes,dog-becomes-companion
19,2,14500 BCE,Bread,exploration,yes,bread
19,2,12000 BCE,First Bread Baked,food,yes,first-bread-baked
20,3,10000 BCE,Agriculture Begins,exploration,yes,agriculture-begins
20,3,10000 BCE,Agricultural Revolution,exploration,yes,agriculture
20,3,9500 BCE,First Crops Are Cultivated,earth-life,yes,first-crops-cultivated
21,2,9500 BCE,Domestication of Wheat,exploration,yes,domestication-wheat
21,2,9000 BCE,Wheat Domesticated,exploration,yes,domestication-wheat-middle-east
22,2,9000 BCE,Domestication of Rice,exploration,yes,domestication-of-rice
22,2,5000 BCE,Rice Domesticated in Asia,exploration,yes,domestication-rice-southeast-asia
23,2,8500 BCE,Cattle Are Tamed,earth-life,yes,cattle-domesticated
23,2,8000 BCE,Domestication of Cattle,exploration,yes,domestication-cattle
24,3,8000 BCE,Domestication of Potatoes,exploration,yes,domestication-of-potatoes
24,3,8000 BCE,Potato Domesticated in Americas,exploration,yes,potato-domestication-america
24,3,5000 BCE,Potato Domestication in Andes,exploration,yes,domestication-potato-americas
25,2,7000 BCE,Copper Smelting Begins,exploration,yes,copper-smelting-begins
25,2,4500 BCE,Copper Smelting Process Developed,infrastructure,yes,copper-smelting-developed
26,2,6000 BCE,Irrigation,exploration,yes,irrigation
26,2,5000 BCE,First Irrigation Systems,diplomatic,yes,first-irrigation-systems
27,2,6000 BCE,Salt Harvesting Begins,food,yes,salt-evaporation-ponds
27,2,5900 BCE,Salt Production,exploration,yes,salt-production
28,2,5500 BCE,Cheese,exploration,yes,cheese
28,2,5500 BCE,Cheese Making Begins,food,yes,first-cheese-making
29,2,4000 BCE,Plow Invented,exploration,yes,plow-invented
29,2,4000 BCE,Scratch Plow Early Design,exploration,yes,scratch-plow-design
30,2,3500 BCE,Silk Production Invented,exploration,yes,silk-production-invented
30,2,3500 BCE,Silkworms Domesticated in China,earth-life,yes,silkworm-domesticated
31,3,3400 BCE,Writing Invented in Mesopotamia,cultural,yes,first-writing
31,3,3300 BCE,Proto-Cuneiform Tablets,communication,yes,proto-cuneiform-tablets
31,3,3200 BCE,Invention of Writing,exploration,yes,writing-invention
32,2,3300 BCE,Otzi the Iceman's Outfit,clothing,yes,otzi-clothing
32,2,3250 BCE,Hat (Earliest Documented),exploration,yes,hat-earliest-documented
33,2,3000 BCE,Caral Civilization in Peru Valleys,exploration,yes,caral-civilization
33,2,2600 BCE,Caral Maritime Resource Center,diplomatic,yes,norte-chico-caral
34,2,3000 BCE,Papyrus,exploration,yes,papyrus
34,2,2500 BCE,Egyptian Papyrus Scrolls,communication,yes,egyptian-papyrus-scrolls
35,2,2400 BCE,First Beekeeping,earth-life,yes,honeybee-keeping-begins
35,2,2400 BCE,Egyptians Keep Bees,food,yes,beekeeping-in-egypt
36,2,2000 BCE,Water Clock,exploration,yes,water-clock
36,2,1500 BCE,Water Clock (Clepsydra) Development,infrastructure,yes,water-clock-clepsydra
37,2,1850 BCE,Proto-Alphabet,exploration,yes,proto-alphabet
37,2,1800 BCE,First Alphabet Invented,communication,yes,proto-sinaitic-alphabet
38,3,1754 BCE,Code of Hammurabi Created,cultural,yes,code-hammurabi
38,3,1754 BCE,Hammurabi's Interest Laws,money,yes,code-hammurabi-interest-rules
38,3,1750 BCE,Building Code of Hammurabi,diplomatic,yes,building-code
39,2,1600 BCE,Surgical Treatise,exploration,yes,surgical-treatise
39,2,1600 BCE,Edwin Smith Surgical Papyrus,medicine,yes,edwin-smith-surgical-papyrus
40,3,1500 BCE,Rigveda Composed,cultural,yes,rigveda-composed
40,3,1500 BCE,Vedic Period Vedas Composed,cultural,yes,vedic-civilization-vedas
40,3,1500 BCE,Vedic Period Begins,cultural,yes,vedic-period
41,2,1500 BCE,Olmec Civilization Emerges,diplomatic,yes,olmec-civilization-founded
41,2,1200 BCE,Olmec Civilization Development,cultural,yes,olmec-civilization
42,2,1500 BCE,Lapita Culture Pottery Network,infrastructure,yes,lapita-culture
42,2,1200 BCE,Lapita Culture Spreads,cultural,yes,lapita-culture-expansion
43,2,1400 BCE,Rubber/Mesoamerican Ballgame,exploration,yes,rubber-mesoamerican-ballgame
43,2,1400 BCE,Mesoamerican Ballgame Rises,games-sport,yes,mesoamerican-ballgame-rise
44,2,1200 BCE,Iron Smelting Developed,exploration,yes,iron-smelting
44,2,1200 BCE,Iron Smelting in Bloomery Furnace,infrastructure,yes,iron-smelting-bloomery
45,2,1046 BCE,Zhou Dynasty Begins,diplomatic,yes,zhou-dynasty-begins
45,2,1046 BCE,Establishment of Zhou Dynasty,diplomatic,yes,establishment-zhou-dynasty
46,2,1000 BCE,King David Rules Israel,cultural,yes,king-david-rules
46,2,1000 BCE,David Makes Jerusalem Capital,diplomatic,yes,david-establishes-jerusalem-capital
47,2,1000 BCE,Samoan Settlement,cultural,yes,samoan-settlement-culture
47,2,1000 BCE,Samoa Settled,exploration,yes,samoa-settlement-polynesia
48,3,776 BCE,First Olympic Games,cultural,yes,first-olympics
48,3,776 BCE,First Olympic Games,cultural,yes,first-olympic-games
48,3,776 BCE,Ancient Olympic Games Begin,games-sport,yes,first-ancient-olympics
49,2,753 BCE,Founding of Rome,diplomatic,yes,founding-rome-legend
49,2,753 BCE,Rome Founded,infrastructure,yes,rome-founded
50,2,750 BCE,Homer Composes the Iliad,cultural,yes,homer-iliad
50,2,750 BCE,Homer Composes Iliad and Odyssey,cultural,yes,homer-iliad-odyssey
51,2,600 BCE,Lydian Coins,diplomatic,yes,first-coins
51,2,600 BCE,First Coins Minted,exploration,yes,coins-invented
52,2,600 BCE,Cloaca Maxima Built,infrastructure,yes,cloaca-maxima
52,2,600 BCE,Cloaca Maxima,infrastructure,yes,first-sewer-system
53,2,600 BCE,Systematization of Medicine,exploration,yes,systematization-of-medicine
53,2,600 BCE,Susruta Compiles Medical Treatise,exploration,yes,susruta-samhita
54,2,594 BCE,Solon's Reforms in Athens,cultural,yes,solon-reforms
54,2,594 BCE,Solon Reforms Athenian Law,law,yes,solon-reforms-athens
55,2,586 BCE,Babylonian Captivity Begins,conflict,yes,babylonian-captivity
55,2,586 BCE,Babylonian Destruction of Jerusalem,disasters,yes,babylonian-destruction-jerusalem
56,2,550 BCE,Persian Empire Founded,diplomatic,yes,persian-empire-cyrus
56,2,550 BCE,Achaemenid Empire of Persia,diplomatic,yes,achaemenid-empire-persia
57,2,530 BCE,Pythagorean Theorem Proven,exploration,yes,pythagoras-theorem
57,2,530 BCE,Pythagorean Theorem,exploration,yes,pythagoras-theorem-geometry
58,2,522 BCE,Darius the Great Becomes King,cultural,yes,darius-great-king
58,2,522 BCE,Darius I Becomes Persian King,diplomatic,yes,darius-i-persian-king
59,3,500 BCE,Nok Civilization in West Africa,cultural,yes,nok-civilization
59,3,500 BCE,Nok Civilization in Nigeria,cultural,yes,nok-civilization-nigeria
59,3,500 BCE,Nok Culture Develops Ironworking,exploration,yes,nok-culture-ironworking
60,2,500 BCE,Zapotec Culture at Monte Alban,cultural,yes,zapotec-monte-alban
60,2,500 BCE,Zapotec Empire Flourishes,diplomatic,yes,zapotec-empire
61,2,404 BCE,Athens Surrenders to Sparta,diplomatic,yes,athens-surrenders-sparta
61,2,404 BCE,Peloponnesian War Ends,candidates,yes,peloponnesian-war-ends-athens
62,2,400 BCE,Panini's Sanskrit Grammar,communication,yes,panini-sanskrit-grammar
62,2,300 BCE,Formal Systems (Panini),exploration,yes,formal-systems-panini
63,2,400 BCE,Hippocrates Practices Medicine,exploration,yes,hippocrates-medicine
63,2,400 BCE,Hippocrates Corpus Medical Writings,exploration,yes,hippocrates-corpus
64,3,399 BCE,Death of Socrates,cultural,yes,socrates-death
64,3,399 BCE,Execution of Socrates,diplomatic,yes,socrates-execution
64,3,399 BCE,Trial of Socrates,law,yes,trial-of-socrates
65,2,387 BCE,Plato Founds the Academy,cultural,yes,plato-academy
65,2,387 BCE,Plato Founds the Academy,cultural,yes,plato-founds-academy
66,2,335 BCE,Aristotle Founds the Lyceum,cultural,yes,aristotle-lyceum
66,2,335 BCE,Aristotle's Peripatetic School,exploration,yes,aristotle-peripatetic-school
67,2,322 BCE,Maurya Empire Founded,diplomatic,yes,maurya-empire
67,2,322 BCE,Chandragupta Maurya Unifies India,diplomatic,yes,maurya-chandragupta
68,2,312 BCE,Appian Way Constructed,infrastructure,yes,appian-way
68,2,312 BCE,Roman Road System,infrastructure,yes,roman-roads
69,2,300 BCE,Euclid Writes Elements,cultural,yes,euclid-elements
69,2,300 BCE,Euclid Writes Elements of Geometry,exploration,yes,euclid-elements-geometry
70,2,295 BCE,Alexandria-Library,diplomatic,yes,first-public-library
70,2,283 BCE,Library of Alexandria Founded,cultural,yes,library-alexandria
71,3,260 BCE,Ashoka Rock Edicts Spread Buddhism,cultural,yes,ashoka-rock-edicts
71,3,260 BCE,Ashoka's Edicts,diplomatic,yes,ashoka-edicts
71,3,250 BCE,Ashoka Edict Pillar Erected,diplomatic,yes,maurya-ashoka
72,2,250 BCE,Septuagint Translated,cultural,yes,septuagint-translated
72,2,250 BCE,Hebrew Bible Translated,communication,yes,septuagint-translation
73,2,250 BCE,Archimedes Discovers Buoyancy,exploration,yes,archimedes-principle
73,2,250 BCE,Archimedes Principle,exploration,yes,archimedes-buoyancy
74,2,240 BCE,Earth's Circumference Calculated,exploration,yes,eratosthenes-earth
74,2,240 BCE,Eratosthenes Measures Earth,exploration,yes,eratosthenes-earth-circumference
75,2,221 BCE,Great Wall Construction Begins,infrastructure,yes,great-wall-begins
75,2,221 BCE,Great Wall of China,infrastructure,yes,great-wall-china
76,2,200 BCE,Bactrian Kingdom Flourishes,diplomatic,yes,bactria-kingdom
76,2,180 BCE,Bactrian Kingdom Flourishes,diplomatic,yes,bactrian-kingdom-prosperity
77,2,188 BCE,Treaty of Apamea,diplomatic,yes,treaty-apamea
77,2,188 BCE,Treaty of Apamea,diplomatic,yes,first-treaty
78,3,130 BCE,Silk Road Opens,diplomatic,yes,silk-road-opens
78,3,130 BCE,Silk Trade Begins,diplomatic,yes,silk-trade-begins
78,3,130 BCE,Silk Road Trade Established,diplomatic,yes,silk-road-established
79,2,100 BCE,Petra Built as Nabataean Capital,infrastructure,yes,nabataean-petra-city
79,2,100 BCE,Petra Treasury Carved,candidates,yes,petra-treasury-carved
80,2,100 BCE,News Bulletin,exploration,yes,news-bulletin
80,2,59 BCE,Rome's Daily Gazette,communication,yes,roman-acta-diurna
81,2,60 BCE,First Triumvirate,diplomatic,yes,first-triumvirate
81,2,60 BCE,Pompey the Great Commands Rome,diplomatic,yes,pompey-great-rome
82,2,51 BCE,Cleopatra VII Rules Egypt,diplomatic,yes,cleopatra-vii-reign
82,2,51 BCE,Cleopatra Becomes Queen,candidates,yes,cleopatra-vii-queen
83,2,50 BCE,Petra Controls Arabian Trade Routes,diplomatic,yes,petra-nabataean-trade
83,2,50 BCE,Nabataean Trade Routes,infrastructure,yes,nabataean-trade-routes
84,2,29 BCE,Virgil Writes the Aeneid,cultural,yes,virgil-aeneid
84,2,29 BCE,Virgil Composes the Aeneid,cultural,yes,virgil-aeneid-composition
85,2,19 BCE,Pont Garros Aqueduct,infrastructure,yes,aqueduct-pont-garros
85,2,19,Pont du Gard Built,infrastructure,yes,pont-du-gard
86,2,43,Roman Conquest of Britain,conflict,yes,roman-conquest-of-britain
86,2,43,Roman Conquest of Britain,conflict,yes,romanization-britain
87,2,70,Siege of Jerusalem by Titus,conflict,yes,siege-of-jerusalem-70ce
87,2,70,Destruction of the Second Temple,cultural,yes,destruction-second-temple
88,2,72,Colosseum Rome Constructed,infrastructure,yes,colosseum-architecture-ancient
88,2,72,Vespasian Begins Colosseum,infrastructure,yes,vespasian-colosseum-begun
89,2,73,Siege of Masada,conflict,yes,siege-masada
89,2,73,Siege of Masada,conflict,yes,masada-siege-defense
90,2,77,Pliny's Natural History Published,exploration,yes,pliny-natural-history
90,2,77,Pliny-Natural-History,infrastructure,yes,first-encyclopedia
91,2,79,Mount Vesuvius Erupts,disasters,yes,vesuvius-eruption
91,2,79,Destruction of Pompeii,disasters,yes,pompeii
92,2,80,Colosseum Completed,infrastructure,yes,colosseum-completed
92,2,80,Roman Colosseum,infrastructure,yes,colosseum-rome
93,2,100,Axumite Empire Established,cultural,yes,axumite-empire
93,2,100,Aksumite Empire Rises,diplomatic,yes,aksumite-empire-rise
94,4,100,Nazca Culture Desert Lines Created,cultural,yes,nazca-culture
94,4,200,Nazca Lines Construction Period,cultural,yes,nazca-lines
94,4,300,Nazca Culture Creates Geoglyphs,cultural,yes,nazca-settlement-lines
94,4,400,Nazca Geoglyphs Created,exploration,yes,nazca-geoglyphs
95,3,105,Paper Invented,exploration,yes,paper-invented
95,3,105,Paper Invention in China,exploration,yes,paper-invention-china
95,3,105,Paper Invented in China,communication,yes,chinese-paper-cai-lun
96,2,125,Pantheon Rebuilt,infrastructure,yes,pantheon-rebuilt
96,2,126,Pantheon Built in Rome,infrastructure,yes,pantheon-rome-built
97,2,180,Galen Medical Advances Compiled,exploration,yes,galen-medical-advances
97,2,200,Galen Medical Authority Established,exploration,yes,galen-medical-dominance
98,2,220,Fall of Han Dynasty,conflict,yes,fall-han-dynasty
98,2,220,Three Kingdoms Period Begins,diplomatic,yes,three-kingdoms-period
99,2,280,Sima Yan Founds Jin Dynasty,conflict,yes,sima-yan-jin-unification
99,2,280,Jin Dynasty Reunifies China,diplomatic,yes,jin-dynasty-reunifies-china
100,2,285,Division of Roman Empire,diplomatic,yes,split-roman-empire
100,2,286,Diocletian Divides Empire,diplomatic,yes,diocletian-tetrarchy
101,2,300,Stirrup Adoption in East Asia,conflict,yes,stirrup-east-asia
101,2,322,Stirrup Invented,exploration,yes,stirrup-invented
102,2,303,Great Persecution of Christians,cultural,yes,great-persecution-christians
102,2,303,Diocletian Persecution,cultural,yes,diocletian-persecution-christians
103,2,330,Rise of Byzantine Empire,diplomatic,yes,rise-byzantine-empire
103,2,330,Constantinople Founded,infrastructure,yes,constantinople-founded
104,2,350,Moche Portrait Pottery,cultural,yes,moche-portrait-pottery
104,2,400,Moche Ceramic Art and Portraiture,cultural,yes,moche-ceramics-art
105,2,375,Great Migration of Barbarians,conflict,yes,great-migration-barbarians
105,2,376,Germanic Migration Period,migration,yes,germanic-migration-period
106,2,400,Hypatia of Alexandria Teaches,exploration,yes,hypatia-alexandria
106,2,400,Hypatia Teaches in Alexandria,exploration,yes,hypatia-mathematics-astronomy
107,2,400,Moche Civilization Peak,cultural,yes,moche-civilization
107,2,400,Moche Coastal Empire,diplomatic,yes,moche-coastal-empire
108,2,400,Kalidasa Writes Shakuntala,cultural,yes,kalidasa-shakuntala
108,2,400,Kalidasa Pioneers Sanskrit Drama,cultural,yes,kalidasa-drama
109,3,418,Visigoths Settle in Aquitaine,diplomatic,yes,visigoths-settle-aquitaine
109,3,418,Alaric Establishes Visigoth Kingdom,diplomatic,yes,alaric-visigoth-kingdom
109,3,418,Visigothic Kingdom in Spain,diplomatic,yes,visigothic-spain-establishment
110,2,429,Vandals Conquer North Africa,conflict,yes,vandals-conquer-north-africa
110,2,429,Vandals Migrate to Africa,migration,yes,vandals-migrate-to-africa
111,2,431,Nestorian Schism,cultural,yes,nestorian-schism
111,2,431,Council of Ephesus,diplomatic,yes,council-of-ephesus
112,3,449,Anglo-Saxon Migration to Britain,conflict,yes,anglo-saxon-migration
112,3,450,Anglo-Saxon Kingdoms Establish,diplomatic,yes,anglo-saxon-kingdoms-establish
112,3,450,Anglo-Saxons Settle Britain,migration,yes,anglo-saxons-settle-britain
113,3,451,Attila Invades Western Europe,conflict,yes,attila-invasion
113,3,451,Attila Invades Roman Empire,conflict,yes,attila-hunnic-invasions
113,3,451,Battle of Catalaunian Plains,conflict,yes,battle-of-catalaunian-plains
114,2,451,Council of Chalcedon,cultural,yes,council-chalcedon
114,2,451,Monophysite Controversy,cultural,yes,monophysite-controversy
115,3,493,Theodoric's Ostrogothic Kingdom,diplomatic,yes,theodoric-establishes-ostrogothic-kingdom
115,3,493,Theodoric Founds Ostrogoths,diplomatic,yes,theodoric-ostrogoth-kingdom
115,3,493,Theodoric Rules Ostrogothic Kingdom,diplomatic,yes,theodoric-ostrogothic-rule
116,2,500,Sogdians Dominate Silk Road,diplomatic,yes,sogdian-merchant-dominance
116,2,500,Sogdian Traders Dominate Silk Road,infrastructure,yes,sogdian-traders
117,2,507,Clovis Defeats Visigoths at Vouillé,conflict,yes,clovis-defeats-visigoths-at-vouille
117,2,507,Clovis Defeats Visigoths at Vouille,conflict,yes,battle-of-vouille
118,2,529,Justinian Code Compiled,diplomatic,yes,justinian-compilation
118,2,534,Justinian Code Compiled,diplomatic,yes,justinian-code
119,2,532,Nika Riots,conflict,yes,nika-riots
119,2,532,Nika Riots in Constantinople,sports,NO,nika-riots-constantinople-532-ce
120,2,535,Justinian's Gothic War in Italy,conflict,yes,justinian-gothic-war
120,2,536,Belisarius Recaptures Italy,conflict,yes,belisarius-gothic-war
121,2,537,Hagia Sophia Completed,infrastructure,yes,hagia-sophia-completed
121,2,537,Hagia Sophia Construction,infrastructure,yes,construction-hagia-sophia
122,2,538,Baekje Buddhist Mission to Japan,cultural,yes,baekje-five-temple-mission
122,2,552,Buddhism Reaches Japan,exploration,yes,buddhism-officially-introduced-to-japan
123,2,552,Gokturk Empire Expands,conflict,yes,gokturk-empire-expansion
123,2,552,Turkic Khaganate Established,diplomatic,yes,turk-khaganate-establishment
124,2,597,Augustine Arrives in England,cultural,yes,augustine-arrives-england
124,2,597,Augustine's Mission to Britain,cultural,yes,augustine-mission-britain
125,2,622,Islam Founded,cultural,yes,islam-founded
125,2,622,Hejira of Prophet Muhammad,cultural,yes,hejira-prophet-muhammad
126,2,650,Printing Invented in China,exploration,yes,printing-invented-china
126,2,700,Woodblock Printing in China,exploration,yes,printing-woodblock-china
127,2,661,Umayyad Caliphate Founded,diplomatic,yes,umayyad-caliphate
127,2,661,Umayyad Dynasty Founded,diplomatic,yes,umayyad-dynasty-founded
128,2,680,Battle of Karbala,conflict,yes,battle-of-karbala
128,2,680,Battle of Karbala,conflict,yes,battle-karbala-husayn
129,2,690,Wu Zetian Becomes Emperor,cultural,yes,wu-zetian-emperor
129,2,690,Wu Zetian Becomes Empress of China,diplomatic,yes,princess-wu-empress
130,3,711,Battle of Guadalete,conflict,yes,battle-of-guadalete
130,3,711,Umayyad Conquest of Spain,conflict,yes,umayyad-conquest-of-spain
130,3,711,Islamic Conquest of Spain,diplomatic,yes,islamic-conquest-spain
131,2,717,Siege of Constantinople,conflict,yes,siege-of-constantinople-717
131,2,717,Arab Siege of Constantinople,conflict,yes,siege-constantinople-arab
132,2,726,Byzantine Iconoclasm Begins,cultural,yes,byzantine-iconoclasm-begins
132,2,726,Byzantine Iconoclasm Period,cultural,yes,byzantine-image-dispute
133,2,732,Battle of Tours,conflict,yes,battle-tours
133,2,732,Charles Martel Wins at Tours,conflict,yes,charles-martel-frankish-victory
134,2,793,Viking Raid on Lindisfarne,conflict,yes,viking-lindisfarne
134,2,793,Viking Age Begins,conflict,yes,viking-raids-begin
135,2,800,Charlemagne Crowned Emperor,conflict,yes,charlemagne
135,2,800,Charlemagne Crowned by Pope,diplomatic,yes,charlemagne-crowned-emperor
136,2,800,Sailendras Build Borobudur,infrastructure,yes,borobudur-construction
136,2,825,Borobudur Temple Built,infrastructure,yes,borobudur-temple
137,2,800,Block Printing in China,exploration,yes,block-printing-china
137,2,800,Woodblock Printing Refinement,infrastructure,yes,woodblock-printing-refinement
138,2,800,House of Wisdom Founded,cultural,yes,house-of-wisdom
138,2,830,Baghdad's House of Wisdom,cultural,yes,bayt-al-hikma
139,2,800,Abbasid Translation Movement,exploration,yes,abbassid-science-translation
139,2,800,Greek Texts Translated Arabic,communication,yes,house-of-wisdom-translations
140,2,800,Wari Empire Peak,diplomatic,yes,wari-empire
140,2,800,Huari Road Network Established,infrastructure,yes,huari-road-system
141,2,810,Paper Money Introduced in China,diplomatic,yes,paper-money-china
141,2,812,Tang Dynasty Flying Money System,diplomatic,yes,flying-money-system-tang
142,2,820,Al-Khwarizmi Develops Algebra,exploration,yes,al-khwarizmi-algebra
142,2,820,Al-Khwarizmi Founds Algebra,exploration,yes,khwarizmi-algorithms
143,3,850,Maya Classical Collapse Begins,diplomatic,yes,maya-collapse-begins
143,3,900,Maya Classic Period Collapse,diplomatic,yes,maya-collapse-classic
143,3,900,Mayan Collapse and Hiatus,diplomatic,yes,mayan-hiatus
144,2,862,Kievan Rus Established,diplomatic,yes,kyivan-rus
144,2,862,Rurik Founds Novgorod,diplomatic,yes,rurik-founds-novgorod
145,2,863,Cyrillic Alphabet Created,exploration,yes,cyrillic-alphabet-created
145,2,863,Glagolitic Script Created,communication,yes,glagolitic-script-created
146,2,868,Playing Cards in Tang China,games-sport,yes,playing-cards-tang-china
146,2,900,Playing Cards,exploration,yes,playing-cards
147,2,874,Vikings Settle Iceland,exploration,yes,vikings-iceland
147,2,874,Norse Settlement of Iceland,exploration,yes,norse-settlement-iceland
148,2,900,Chimor Empire Founded,diplomatic,yes,chimor-empire-founded
148,2,900,Chimú Kingdom Established,diplomatic,yes,chimu-kingdom-founded
149,2,910,Al-Razi on Smallpox,exploration,yes,al-razi-medical-treatise
149,2,910,Al-Razi Distinguishes Diseases,medicine,yes,al-razi-distinguishes-smallpox
150,2,960,Song Dynasty Founded,cultural,yes,song-dynasty-founded
150,2,960,Song Dynasty Established,diplomatic,yes,song-dynasty
151,2,969,Fatimids Conquer Egypt,diplomatic,yes,fatimids-conquer-egypt
151,2,969,Fatimid Dynasty Founds Cairo,diplomatic,yes,fatimid-cairo-founded
152,4,982,Vikings Reach Greenland,exploration,yes,vikings-greenland
152,4,985,Norse Settlement of Greenland,exploration,yes,norse-settlement-greenland
152,4,985,Norse Atlantic Colonization Begins,exploration,yes,norse-colonization-atlantic
152,4,985,Norse Colonize Greenland,migration,yes,norse-settle-greenland
153,2,1000,Vikings Reach North America,exploration,yes,viking-america
153,2,1000,Vinland Discovered by Norse,exploration,yes,vinland-norse-discovery
154,2,1000,Bantu Expansion,diplomatic,yes,bantu-expansion
154,2,1000,Bantu Migration Wave East,exploration,yes,bantu-migration
155,2,1000,Settlement of Hawaiian Islands,exploration,yes,hawaiian-settlement
155,2,1000,Polynesians Reach Hawaii,migration,yes,settlement-of-hawaii
156,2,1008,Murasaki Writes Tale of Genji,cultural,yes,murasaki-shikibu-genji
156,2,1010,Tale of Genji Written,cultural,yes,tale-of-genji
157,2,1011,Al-Haytham Optical Science,exploration,yes,optical-science
157,2,1011,Al-Haytham's Optics,exploration,yes,al-haytham-optics
158,2,1024,Song Paper Money,diplomatic,yes,song-paper-money-system
158,2,1024,World's First Paper Money,money,yes,song-dynasty-jiaozi-paper
159,2,1025,Ibn Sina Medical Works,exploration,yes,ibn-sina-medicine
159,2,1025,Avicenna's Canon of Medicine,exploration,yes,avicenna-medical-education
160,3,1025,Rajendra Chola's Conquests,conflict,yes,rajendra-chola-conquest
160,3,1025,Chola Maritime Expansion,diplomatic,yes,chola-maritime
160,3,1025,Chola Naval Expansion,infrastructure,yes,chola-maritime-network
161,2,1040,Movable Type Invented,exploration,yes,movable-type-china
161,2,1040,Movable Type China,infrastructure,yes,printing-movable-china
162,2,1040,Magnetic Compass Invented in China,exploration,yes,compass-invention-china
162,2,1040,Lodestone Compass at Sea,exploration,yes,lodestone-compass-early
163,2,1044,Song Gunpowder Manual,conflict,yes,song-gunpowder-weapons
163,2,1044,Gunpowder Formula First Recorded,exploration,yes,gunpowder-formula-first-recorded
164,2,1050,Romanesque Architecture Development,infrastructure,yes,romanesque-development
164,2,1050,Romanesque Architecture,infrastructure,yes,romanesque-architecture-style
165,2,1066,Norman Conquest of England,conflict,yes,norman-conquest
165,2,1066,Battle of Hastings,conflict,yes,battle-of-hastings
166,2,1071,Battle of Manzikert,conflict,yes,battle-manzikert
166,2,1071,Battle of Manzikert Consequences,conflict,yes,manzikert-consequences-byzant
167,2,1086,Domesday Book Compiled,diplomatic,yes,domesday-book
167,2,1086,Domesday Tax Survey,money,yes,domesday-tax-survey
168,2,1088,University of Bologna Founded,cultural,yes,dom-university-bologna
168,2,1088,University of Bologna Law,diplomatic,yes,law-school
169,2,1088,Chinese Magnetic Compass,infrastructure,yes,compass-navigation
169,2,1119,Song Compass Navigation,exploration,yes,song-magnetic-compass
170,2,1095,Pope Urban II Launches Crusade,cultural,yes,urban-ii
170,2,1096,First Crusade Begins,conflict,yes,first-crusade
171,2,1096,University of Oxford Founded,cultural,yes,dom-university-oxford
171,2,1096,University of Oxford,diplomatic,yes,oxford-university-founded
172,2,1100,Yoruba Ife Kingdom Brass Sculpture,cultural,yes,yoruba-ife-kingdom
172,2,1100,Yoruba Ife Terracotta Art,cultural,yes,yoruba-ife-terra-cotta
173,2,1100,Mississippian Culture Peak,cultural,yes,mississippian-culture
173,2,1100,Cahokia Reaches Peak,infrastructure,yes,cahokia-metropolis
174,2,1100,Troubadour Tradition Emerges,cultural,yes,troubadour-tradition
174,2,1130,Troubadour Poetry of Courtly Love,cultural,yes,troubadour-courtly-love
175,3,1113,Angkor Wat Construction,infrastructure,yes,angkor-wat-temple
175,3,1150,Angkor Wat Completed,infrastructure,yes,angkor-wat-completed
175,3,1150,Angkor Wat Built,infrastructure,yes,angkor-wat-construction
176,3,1120,Hoysala Temple Architecture,diplomatic,yes,hoysala-dynasty
176,3,1150,Hoysala Temple Construction Peak,infrastructure,yes,hoysala-temples
176,3,1150,Hoysala Dynasty Temple Architecture,infrastructure,yes,hoysala-temple-architecture
177,6,1180,European Windmill,exploration,yes,windmill-european
177,6,1180,Windmills Spread in Europe,exploration,yes,wind-mill-adoption
177,6,1180,Vertical Axis Windmill,exploration,yes,windmill-vertical-axis
177,6,1180,Windmills Grind Grain,food,yes,windmills-grind-grain
177,6,1185,Windmill Invented,exploration,yes,windmill-invented
177,6,1185,Windmill Introduction to Europe,exploration,yes,windmill-introduction
178,4,1185,Kamakura Shogunate Established,cultural,yes,kamakura-shogunate
178,4,1185,Kamakura Shogunate Established,diplomatic,yes,kamakura-shogunate-establishment
178,4,1192,Minamoto Yoritomo Becomes Shogun,diplomatic,yes,minamoto-yoritomo-becomes-shogun
178,4,1192,Minamoto Yoritomo Shogun,diplomatic,yes,minamoto-yoritomo-power
179,2,1187,Battle of Hattin,conflict,yes,battle-of-hattin
179,2,1187,Battle of Hattin Crusaders Defeated,conflict,yes,second-crusade-battle-hattin
180,2,1200,Khwarezmian Shah Conquers Khorasan,conflict,yes,khwarezmian-shah-conquest
180,2,1200,Khorezm Sultanate Flourishes,diplomatic,yes,khorezm-state
181,2,1200,Medieval Universities Spread,cultural,yes,medieval-university-expansion
181,2,1200,European University System Expands,cultural,yes,university-expansion-europe
182,2,1200,Easter Island Settled,exploration,yes,polynesian-easter-island-settlement
182,2,1200,Easter Island Settlement,exploration,yes,easter-island-settlement
183,2,1200,Hawaiian Settler Societies,diplomatic,yes,hawaiian-settlement-societies
183,2,1200,Hawaiian Chiefdoms Form,diplomatic,yes,hawaiian-chiefdom-formation
184,2,1200,Fijian Kingdoms Established,diplomatic,yes,fiji-kingdoms
184,2,1200,Fiji Kalimata Chiefdoms Emerge,diplomatic,yes,fiji-kalimata-chiefdoms
185,2,1200,Chimú Kingdom Flourishes,diplomatic,yes,chimú-kingdom
185,2,1200,Chan Chan Capital City Flourishes,infrastructure,yes,chimor-chan-chan-city
186,2,1202,Arabic Numerals Adopted in Europe,cultural,yes,arabic-numerals-adoption
186,2,1202,Fibonacci's Arabic Numerals,exploration,yes,fibonacci-arabic-numerals
187,2,1204,Fourth Crusade Sacks Byzantium,conflict,yes,fourth-crusade-byzantine
187,2,1204,Crusaders Sack Constantinople,diplomatic,yes,fourth-crusade-constantinople
188,2,1211,Mongol Invasion of Jin Dynasty,conflict,yes,mongol-invasion-jin
188,2,1211,Mongol Conquest of China Begins,conflict,yes,mongol-conquest-china
189,2,1215,Magna Carta Signed,diplomatic,yes,magna-carta
189,2,1215,Magna Carta Issuance,diplomatic,yes,magna-carta-issuance
190,2,1218,University of Salamanca Founded,cultural,yes,university-salamanca
190,2,1218,University of Salamanca Founded,cultural,yes,salamanca-university-founded
191,2,1220,Chartres Cathedral Completed,infrastructure,yes,chartres-cathedral
191,2,1220,Chartres Cathedral Built,infrastructure,yes,chartres-cathedral-construction
192,2,1227,Chagatai Khanate Administration,diplomatic,yes,chagatai-khanate
192,2,1227,Chagatai Khanate Established,diplomatic,yes,chagatai-khanate-founded
193,2,1230,Mali Empire Founded,cultural,yes,mali-empire-founded
193,2,1235,Mali Empire Established,diplomatic,yes,mali-empire-establishment
194,2,1241,Hanseatic League Forms,diplomatic,yes,hanseatic-league
194,2,1241,Hanse League Guild Formation,diplomatic,yes,hanse-league-formation
195,2,1258,Mongols Sack Baghdad,conflict,yes,mongol-baghdad
195,2,1258,Mongol Siege of Baghdad,conflict,yes,mongol-conquest-bagdad
196,2,1267,Bacon Promotes Empiricism,exploration,yes,roger-bacon-scientific-method
196,2,1267,Bacon's Experimental Method,exploration,yes,roger-bacon-experimental-method
197,2,1271,Yuan Dynasty Established,cultural,yes,yuan-dynasty-founded
197,2,1271,Yuan Dynasty Founded,diplomatic,yes,yuan-khanate-founded
198,2,1274,First Mongol Invasion of Japan,conflict,yes,mongol-naval-expeditions
198,2,1274,Mongol Invasion Japan First,conflict,yes,mongol-invasion-japan-first
199,2,1275,Marco Polo Reaches China,cultural,yes,marco-polo-china
199,2,1275,Marco Polo at Yuan Court,infrastructure,yes,marco-polo-yuan-court
200,2,1279,Mongol Empire at Peak,diplomatic,yes,mongol-empire
200,2,1279,Mongol Empire at Peak,candidates,yes,mongol-empire-greatest-extent
201,2,1281,Kamikaze Destroys Mongol Fleet,conflict,yes,kamikaze-mongol-fleet
201,2,1281,Kamikaze Stops Mongol Invasion,conflict,yes,mongol-invasion-japan-second
202,2,1283,Mechanical Clock Adoption in Europe,exploration,yes,mechanical-clock-adoption
202,2,1300,Mechanical Clock Invented,exploration,yes,mechanical-clock
203,2,1286,Eyeglasses Invented,exploration,yes,eyeglasses-invented
203,2,1286,Spectacles Aid Reading,communication,yes,spectacles-aid-reading
204,2,1296,Lanna Kingdom Northern Thailand,diplomatic,yes,lanna-kingdom
204,2,1296,Lannathai Kingdom Unified Territory,diplomatic,yes,lannathai-unification
205,2,1305,Giotto Paints Scrovegni Chapel,cultural,yes,giotto-scrovegni
205,2,1305,Giotto Pioneers Naturalism,cultural,yes,giotto-fresco-revolution
206,2,1308,Dante Writes Divine Comedy,cultural,yes,dante-divine-comedy
206,2,1320,Dante Writes Divine Comedy,cultural,yes,divine-comedy
207,3,1325,Aztec Tenochtitlan Founding,diplomatic,yes,aztec-tenochtitlan-founding
207,3,1325,Aztec Empire Rise,diplomatic,yes,aztec-rise
207,3,1325,Tenochtitlan Founded,exploration,yes,tenochtitlan
208,2,1333,Alhambra Palace Expanded,infrastructure,yes,alhambra-expanded
208,2,1333,Alhambra Palace Built,infrastructure,yes,alhambra-palace-built
209,2,1336,Vijayanagara Hindu Restoration,cultural,yes,vijayanagara-hindu-restoration
209,2,1336,Vijayanagara Empire Established,diplomatic,yes,vijayanagara-empire
210,2,1336,Muromachi Period Begins,diplomatic,yes,muromachi-period
210,2,1338,Ashikaga Shogunate Established,diplomatic,yes,ashikaga-shogunate
211,2,1341,Petrarch Develops Humanist Movement,cultural,yes,petrarch-humanist-movement
211,2,1341,Petrarch Develops Humanism,cultural,yes,petrarch-humanism
212,4,1347,Marine Insurance Develops,diplomatic,yes,insurance-origins
212,4,1347,Marine Insurance,diplomatic,yes,insurance-contract
212,4,1347,Maritime Insurance Contracts Begin,infrastructure,yes,insurance-maritime-contracts
212,4,1347,First Marine Insurance Policy,money,yes,first-marine-insurance-policy
213,2,1350,Black Death Labor Shortage,diplomatic,yes,black-death-labor-shortage
213,2,1351,Labor Shortage Lifts Wages,diplomatic,yes,labor-shortage-drives-wages
214,2,1350,Majapahit Maritime Expansion,diplomatic,yes,majapahit-expansion
214,2,1365,Majapahit Empire Peak,diplomatic,yes,majapahit-empire
215,2,1358,Jacquerie Peasant Revolt,conflict,yes,jacquerie-peasant-revolt
215,2,1358,Peasant Revolts Surge,diplomatic,yes,peasant-revolts-increase
216,2,1370,Hanseatic League Trade Dominance,diplomatic,yes,hanseatic-league-dominance
216,2,1370,Hanseatic League Baltic Trade,infrastructure,yes,hanse-trades-monopoly
217,2,1370,Timur (Tamerlane) Begins Conquests,conflict,yes,timur-tamerlane-conqueror
217,2,1370,Timur Founds Samarkand Empire,diplomatic,yes,timur-empire-samarkand
218,2,1375,Noh Theater Emerges,cultural,yes,noh-theater-emergence
218,2,1380,Noh Theater Development Muromachi,cultural,yes,muromachi-noh-theater
219,2,1377,Quarantine in Ragusa,diplomatic,yes,ragusa-quarantine
219,2,1377,Origins of Quarantine,exploration,yes,quarantine-origins
220,2,1377,Jikji: Korean Metal Movable Type,exploration,yes,jikji-korea-printing
220,2,1377,Oldest Metal Movable Type Book,candidates,yes,jikji-metal-movable-type
221,2,1381,Peasants' Revolt,conflict,yes,peasants-revolt-england
221,2,1381,Peasants' Revolt,diplomatic,yes,peasants-revolt-1381
222,2,1390,Kongo Kingdom Established,diplomatic,yes,kongo-kingdom-founded
222,2,1390,Kongo Kingdom Formation,diplomatic,yes,kongo-kingdom-formation
223,2,1390,Timur Architectural Patronage,infrastructure,yes,timur-architectural-patronage
223,2,1400,Samarkand Cultural Capital,cultural,yes,samarkand-cultural-center
224,3,1397,Medici Banking Family Rise,diplomatic,yes,medici-banking
224,3,1397,Medici Bank Founded,diplomatic,yes,medici-patronage
224,3,1397,Medici Bank,diplomatic,yes,banking-medici
225,2,1400,Malacca Sultanate Established,diplomatic,yes,malacca-sultanate
225,2,1400,Malacca Sultanate Founded,diplomatic,yes,malacca-sultanate-founded
226,2,1405,Zheng He's First Voyage,exploration,yes,zheng-he-voyages
226,2,1405,Zheng He's Treasure Fleets,exploration,yes,ming-treasure-fleets
227,2,1413,Invention of Linear Perspective,cultural,yes,linear-perspective
227,2,1413,Brunelleschi's Perspective,cultural,yes,brunelleschi-perspective
228,2,1415,Jan Hus Burned at the Stake,cultural,yes,jan-hus-burned
228,2,1415,Jan Hus Executed,cultural,yes,jan-hus-execution
229,2,1420,Forbidden City Completed,infrastructure,yes,forbidden-city-completed
229,2,1420,Forbidden City Completed,infrastructure,yes,ming-forbidden-city
230,3,1424,Ulugh Beg Observatory,exploration,yes,astronomical-observatory
230,3,1424,Ulugh Beg Observatory Samarkand,exploration,yes,ulugh-beg-observatory
230,3,1424,Ulugh Beg's Observatory Built,exploration,yes,samarkand-observatory
231,2,1436,Florence Cathedral Dome Completed,infrastructure,yes,florence-dome
231,2,1436,Brunelleschi Completes Dome,infrastructure,yes,brunelleschi-dome
232,2,1438,Inca Empire Massive Expansion,conflict,yes,inca-expansion
232,2,1438,Inca Empire Rise,diplomatic,yes,inca-empire-expansion
233,3,1440,Gutenberg's Printing Press,cultural,yes,printing-press-revolution
233,3,1440,Gutenberg Printing Press,exploration,yes,gutenberg-printing
233,3,1450,Movable Type Reaches Europe,communication,yes,gutenberg-movable-type-europe
234,2,1440,Portuguese Develop Caravel Ships,exploration,yes,portuguese-caravels
234,2,1440,Caravel Ship Design Development,exploration,yes,caravel-ship-design
235,2,1443,King Sejong Invents Hangul Alphabet,cultural,yes,sejong-hangul-invention
235,2,1443,Hangul Creation Edict Issued,exploration,yes,hangul-creation-edict
236,2,1450,Machu Picchu Built,infrastructure,yes,machu-picchu-built
236,2,1450,Machu Picchu Constructed,infrastructure,yes,machu-picchu-construction
237,2,1450,Iroquois Confederacy Formed,diplomatic,yes,iroquois-confederacy
237,2,1450,Haudenosaunee Confederacy Formed,diplomatic,yes,haudenosaunee-confederacy
238,2,1450,Benin Bronze Casting Peaks,cultural,yes,benin-bronze-casting-peak
238,2,1450,Benin Royal Bronze Plaques,cultural,yes,benin-bronzes-royal-plaques
239,3,1453,Fall of Constantinople,conflict,yes,constantinople-fall
239,3,1453,Mehmed II Takes Constantinople,conflict,yes,fall-constantinople-1453
239,3,1453,Siege of Constantinople Final,conflict,yes,ottoman-final-siege-1453
240,2,1453,Hundred Years' War Ends,conflict,yes,hundred-years-war-end
240,2,1453,Hundred Years War Ends,conflict,yes,hundred-years-war-conclusion
241,2,1455,Gutenberg Bible Printed,cultural,yes,gutenberg-bible
241,2,1455,Gutenberg Bible,infrastructure,yes,printing-bible
242,2,1488,Dias Rounds Cape of Good Hope,exploration,yes,dias-cape-good-hope
242,2,1488,Dias Rounds Cape of Good Hope,exploration,yes,dias-cape-rounding
243,2,1492,Fall of Granada,conflict,yes,fall-granada
243,2,1492,Reconquista Completed,conflict,yes,reconquista-completion
244,2,1492,Expulsion of Jews from Spain,cultural,yes,expulsion-jews-spain
244,2,1492,Sephardi Jews Expelled,migration,yes,expulsion-jews-from-spain
245,2,1492,Columbian Exchange Begins,diplomatic,yes,columbian-exchange
245,2,1492,Columbian Food Exchange,food,yes,columbian-exchange-food
246,2,1493,Songhai Expands Under Askia,conflict,yes,songhai-expansion
246,2,1493,Askia Expands Songhai,diplomatic,yes,songhai-askia-muhammad
247,2,1498,Last Supper Painted,cultural,yes,leonardo-last-supper
247,2,1498,Leonardo Paints Last Supper,cultural,yes,leonardo-da-vinci-art
248,2,1500,Benin Kingdom Art Renaissance,cultural,yes,benin-art-renaissance
248,2,1500,Benin Bronze Sculpture,cultural,yes,benin-kingdom-art-tradition
249,2,1500,Printing Increases Literacy Rates,exploration,yes,printing-impact-literacy
249,2,1500,Literacy Expands After Printing,exploration,yes,literacy-expansion-post-printing
250,3,1501,Safavids Make Shia State Faith,cultural,yes,safavid-shiite-islam
250,3,1501,Safavid Dynasty Founded in Persia,diplomatic,yes,safavid-dynasty-founded
250,3,1501,Shah Ismail Founds Safavids,diplomatic,yes,safavid-shah-ismail
251,2,1501,Musical Notation Printing,infrastructure,yes,printing-music
251,2,1501,Printed Music Notation,communication,yes,first-printed-music-notation
252,2,1502,Aztec Empire Under Montezuma,conflict,yes,aztec-expansion-reign
252,2,1502,Aztec Empire Peak,diplomatic,yes,aztec-peak
253,2,1504,Michelangelo Sculpts David,cultural,yes,michelangelo-david
253,2,1504,Michelangelo Sculpts David,cultural,yes,davids-sculpture-michelangelo
254,2,1510,Portuguese Conquest of Goa,conflict,yes,portuguese-goa-conquest
254,2,1510,Portuguese Capture Goa,diplomatic,yes,portuguese-capture-goa
255,2,1512,Sistine Chapel Ceiling Painted,cultural,yes,sistine-chapel
255,2,1512,Michelangelo's Sistine Ceiling,cultural,yes,michelangelo-sistine-chapel
256,3,1517,Protestant Reformation Begins,cultural,yes,protestant-reformation
256,3,1517,Luther's 95 Theses,cultural,yes,luther-theses
256,3,1517,Protestant Reformation Begins,cultural,yes,reformation-luther-begins
257,2,1521,Fall of Tenochtitlan,conflict,yes,fall-of-tenochtitlan
257,2,1521,Fall of Aztec Empire,conflict,yes,spanish-conquest-aztec
258,2,1526,Mughal Empire Founded,diplomatic,yes,mughal-empire
258,2,1526,Mughal Empire Founded by Babur,diplomatic,yes,mughal-babur-founds
259,3,1533,Conquest of Peru by Spain,conflict,yes,spanish-conquest-peru
259,3,1533,Pizarro Executes Atahualpa,diplomatic,yes,pizarro-executes-atahualpa
259,3,1533,Fall of the Inca Empire,candidates,yes,fall-inca-empire
260,2,1534,English Reformation,cultural,yes,english-reformation-henry
260,2,1534,Church of England Established,diplomatic,yes,church-of-england
261,3,1543,Copernicus Proposes Heliocentrism,exploration,yes,copernicus-heliocentric
261,3,1543,Copernican Astronomical Revolution,exploration,yes,copernican-astronomy
261,3,1543,Copernicus Publishes Heliocentrism,exploration,yes,copernican-revolution
262,2,1544,Chocolate Introduction Europe,exploration,yes,chocolate-europe
262,2,1544,Cocoa Beans Trade with Europe,infrastructure,yes,cocoa-trade-beans
263,2,1545,Council of Trent Begins,cultural,yes,council-trent
263,2,1545,Counter-Reformation Begins,cultural,yes,counter-reformation-jesuit
264,3,1545,Potosi Silver Funds Spain,money,yes,potosi-silver-floods-spain
264,3,1550,Spanish Price Revolution,money,yes,spanish-price-revolution
264,3,1550,American Silver Floods World,diplomatic,yes,silver-wealth-redistribution
265,2,1555,Ottoman Coffeehouses Emerge,cultural,yes,coffee-house-emergence
265,2,1555,Ottoman Coffeehouses Open,diplomatic,yes,ottoman-coffee-culture
266,2,1570,Potatoes Introduced to Europe,exploration,yes,potato-introduction-europe
266,2,1570,Potato Arrives in Spain,food,yes,potato-reaches-spain
267,2,1576,Tycho Brahe's Observatory,exploration,yes,tycho-brahe-observatory
267,2,1576,Tycho Brahe's Observations,exploration,yes,tycho-brahe-astronomical-observations
268,2,1582,Russian Expansion into Siberia,conflict,yes,russian-expansion-siberia
268,2,1582,Russian Fur Trade Expansion,infrastructure,yes,fur-trade-russian
269,2,1585,Cacao Becomes Luxury Drink,diplomatic,yes,cocoa-chocolate-commodity
269,2,1585,Chocolate Trade with Europe,infrastructure,yes,chocolate-trade-establishment
270,2,1589,Knitting Machine Invented,exploration,yes,knitting-machine
270,2,1589,Stocking Frame,exploration,yes,stocking-frame
271,2,1590,Microscope Invented,exploration,yes,microscope-invented
271,2,1590,Compound Microscope Development,exploration,yes,compound-microscope
272,3,1592,Japanese Invasions of Korea,conflict,yes,imjin-war
272,3,1592,Toyotomi Hideyoshi Invades Korea,conflict,yes,toyotomi-hideo-invasions
272,3,1592,Imjin War in Korea,conflict,yes,korean-imjin-war
273,2,1592,First Turtle Ship Combat Victory,conflict,yes,imjin-war-turtle-ship
273,2,1597,First Korean Turtle Ships,diplomatic,yes,first-korean-turtle-ships
274,2,1593,Fort Jesus Built in Mombasa,conflict,yes,mombasa-fort
274,2,1593,Fort Jesus Built at Mombasa Harbor,infrastructure,yes,mombasa-fort-jesus-construction
275,2,1598,Isfahan Becomes Capital,diplomatic,yes,isfahan-capital-development
275,2,1598,Isfahan Built as Safavid Capital,infrastructure,yes,isfahan-city-building
276,2,1600,Safavid Textile Arts Peak,cultural,yes,safavid-textile-arts
276,2,1600,Safavid Carpet Arts Peak Production,cultural,yes,safavid-carpet-arts
277,3,1600,First Joint-Stock Company Charter,diplomatic,yes,corporation-charter
277,3,1600,British East India Company Founded,diplomatic,yes,east-india-company
277,3,1600,Joint-Stock Company Formation,diplomatic,yes,joint-stock-company-formation
278,2,1600,Lunda Empire Regional Dominance,diplomatic,yes,lunda-empire
278,2,1600,Lunda Trade Expansion,diplomatic,yes,lunda-expansion-network
279,3,1602,First Joint-Stock Company,diplomatic,yes,joint-stock-company-development
279,3,1602,Dutch East India Company Monopoly,infrastructure,yes,voc-dutch-east-india
279,3,1602,Dutch Golden Age Trade Expansion,diplomatic,yes,dutch-golden-age-trade
280,2,1603,Tokugawa Shogunate Begins,diplomatic,yes,tokugawa-shogunate
280,2,1603,Edo Period Tokugawa Rule,diplomatic,yes,edo-period
281,2,1605,Don Quixote Published,cultural,yes,don-quixote-published
281,2,1605,Cervantes Publishes Don Quixote,cultural,yes,cervantes-don-quixote
282,2,1605,Newspaper (Relation),exploration,yes,newspaper-relation
282,2,1605,First Printed Newspaper,communication,yes,first-printed-newspaper-relation
283,3,1607,Jamestown Founded,diplomatic,yes,jamestown-founded
283,3,1607,Jamestown Colony Founded,exploration,yes,jamestown
283,3,1607,Virginia Colony Established,exploration,yes,virginia-colony-established
284,2,1608,Telescope Invented,exploration,yes,telescope-invented
284,2,1608,Telescope Invented,exploration,yes,telescope-invention
285,5,1609,Galileo Uses Telescope,exploration,yes,galileo-telescope
285,5,1609,Galileo Telescope,exploration,yes,first-telescope
285,5,1610,Galileo Discovers Jupiter's Moons,exploration,yes,galileo-jupiter-moons
285,5,1610,Galileo's Telescopic Discoveries,exploration,yes,galileo-telescopic-observations
285,5,1610,Galileo Confirms Heliocentrism,exploration,yes,galileo-telescope-discoveries
286,5,1609,Kepler's Laws of Planetary Motion,exploration,yes,kepler-laws
286,5,1609,Kepler's Laws of Motion Published,exploration,yes,kepler-planetary-laws
286,5,1609,Kepler Laws of Planetary Motion,exploration,yes,keplers-laws
286,5,1609,Kepler's Laws of Motion,exploration,yes,kepler-laws-motion
286,5,1609,Kepler's Second Law,exploration,yes,kepler-second-law
287,2,1610,Tea Reaching Europe,exploration,yes,tea-introduction
287,2,1610,China-Europe Tea Trade Begins,infrastructure,yes,tea-trade-begins
288,2,1620,Mayflower Lands at Plymouth,exploration,yes,mayflower
288,2,1620,Plymouth Colony Pilgrims,exploration,yes,plymouth-colony-pilgrims
289,2,1628,Harvey Describes Blood Circulation,exploration,yes,harvey-circulation
289,2,1628,Harvey Discovers Blood Circulation,exploration,yes,harvey-blood-circulation
290,2,1630,Great Migration to Massachusetts,diplomatic,yes,great-migration-massachusetts
290,2,1630,Puritan Great Migration,migration,yes,puritan-great-migration
291,4,1632,Taj Mahal Construction Begins,infrastructure,yes,taj-mahal-built
291,4,1632,Taj Mahal Construction,infrastructure,yes,mughal-taj-mahal
291,4,1632,Taj Mahal Construction Begins,infrastructure,yes,taj-mahal-construction
291,4,1632,Taj Mahal Construction Begun,infrastructure,yes,taj-mahal-begun
292,3,1636,Gondar Becomes Ethiopian Capital,cultural,yes,ethiopian-gondar-cultural-center
292,3,1636,Gondar Becomes Capital,diplomatic,yes,gondar-capital
292,3,1636,Gondar Founded as Capital,infrastructure,yes,gondar-city-planning
293,2,1637,Descartes' Discourse on Method,cultural,yes,descartes-discourse-method
293,2,1637,Descartes Cogito Ergo Sum,cultural,yes,descartes-cogito-philosophy
294,2,1637,Dutch Tulip Mania,diplomatic,yes,stock-speculation-dutch
294,2,1637,Tulip Mania Crashes,disasters,yes,tulip-mania-crashes
295,3,1643,Torricelli Invents Barometer,exploration,yes,torricelli-barometer
295,3,1643,Barometer Invented,exploration,yes,barometer-invention
295,3,1643,Torricelli Barometer,exploration,yes,first-barometer
296,2,1644,Qing Dynasty Expansion,conflict,yes,qing-expansion
296,2,1644,Qing Dynasty Established,diplomatic,yes,qing-dynasty
297,3,1648,Peace of Westphalia,conflict,yes,peace-westphalia
297,3,1648,Peace of Westphalia,diplomatic,yes,westphalia-treaty
297,3,1648,Westphalia Redraws Borders,diplomatic,yes,peace-westphalia-extended
298,2,1649,King Charles I Executed,conflict,yes,charles-i-execution
298,2,1649,Trial of King Charles I,law,yes,trial-of-charles-i
299,2,1650,Tokugawa Kabuki Theatre Development,cultural,yes,tokugawa-kabuki-theatre
299,2,1652,Kabuki Becomes All-Male,cultural,yes,kabuki-women-actors
300,2,1651,Hobbes Publishes Leviathan,cultural,yes,hobbes-publishes-leviathan
300,2,1651,Hobbes Publishes Leviathan,cultural,yes,hobbes-leviathan
301,2,1661,Kangxi Emperor Begins Reign,diplomatic,yes,kangxi-emperor-begins-reign
301,2,1661,Kangxi Emperor's Reign Begins,diplomatic,yes,qing-kangxi-emperor
302,2,1661,Palace of Versailles Construction,infrastructure,yes,versailles-construction
302,2,1661,Palace of Versailles Construction,infrastructure,yes,versailles-palace
303,3,1662,Boyle's Law,exploration,yes,boyle-law
303,3,1662,Robert Boyle's Gas Laws Established,exploration,yes,boyle-gas-laws
303,3,1662,Boyle Discovers Law of Gases,exploration,yes,boyle-law-gases
304,2,1665,Hooke Discovers Cells,exploration,yes,hooke-discovers-cells
304,2,1665,Hooke's Micrographia,exploration,yes,hooke-microscopy
305,2,1667,Paradise Lost Published,cultural,yes,paradise-lost
305,2,1667,Milton Writes Paradise Lost,cultural,yes,milton-paradise-lost
306,2,1667,Successful Blood Transfusion,exploration,yes,blood-transfusion
306,2,1667,First Blood Transfusion,candidates,yes,first-human-blood-transfusion
307,2,1674,Leeuwenhoek Invents Microscope,exploration,yes,leeuwenhoek-microscope
307,2,1674,Leeuwenhoek Microscope,exploration,yes,first-microscope
308,3,1674,Shivaji Founds Maratha Empire,conflict,yes,maratha-resistance-begins
308,3,1674,Shivaji Founds Maratha Kingdom,diplomatic,yes,maratha-shivaji
308,3,1674,Maratha Empire Expansion Begins,diplomatic,yes,maratha-empire-begins
309,2,1676,Bacteria Discovered,exploration,yes,leeuwenhoek-bacteria
309,2,1676,Leeuwenhoek Sees Microbes,earth-life,yes,leeuwenhoek-microbes
310,2,1683,Battle of Vienna,conflict,yes,battle-vienna
310,2,1683,Ottoman Empire Begins Decline,diplomatic,yes,ottoman-decline-begins
311,2,1684,Rozwi Empire Rises,diplomatic,yes,rozwi-empire-rise
311,2,1684,Rise of the Rozvi Empire,diplomatic,yes,rozvi-empire
312,4,1687,Newton Publishes Principia,exploration,yes,newton-principia
312,4,1687,Newton's Law of Gravitation,exploration,yes,newton-gravitation-law
312,4,1687,Newton's Principia Published,exploration,yes,newton-principia-published
312,4,1687,Newton's Laws of Motion,exploration,yes,newton-gravity-motion
313,3,1689,Locke Defends Natural Rights,cultural,yes,two-treatises-government
313,3,1689,Locke Second Treatise on Government,cultural,yes,locke-second-treatise
313,3,1689,Locke's Two Treatises,diplomatic,yes,locke-treatise-government
314,2,1689,English Bill of Rights,diplomatic,yes,bill-of-rights-england
314,2,1689,English Bill of Rights,diplomatic,yes,english-rights-act
315,2,1690,First Paper Money in Americas,exploration,yes,first-paper-money-americas
315,2,1690,First American Paper Money,money,yes,first-paper-money-colonial
316,2,1690,Dom Pérignon Improves Wine,food,yes,champagne-region-bubbly
316,2,1700,Sparkling Champagne Perfected,food,yes,champagne-sparkling-wine
317,2,1691,Mongolia Submits to the Qing,diplomatic,yes,mongolia-qing-vassalage
317,2,1691,Khalkha Mongolia Submits to Qing,diplomatic,yes,khalkha-mongolia-submission
318,2,1701,Asante Golden Stool Ceremonial,cultural,yes,asante-golden-stool
318,2,1701,Asante Confederation Formation,diplomatic,yes,asante-confederation
319,2,1701,Seed Drill Invented,exploration,yes,seed-drill
319,2,1701,Agricultural Revolution,exploration,yes,agricultural-revolution
320,2,1710,First Copyright Law,diplomatic,yes,statute-of-anne
320,2,1710,Copyright Law,diplomatic,yes,copyright-britain
321,2,1722,Bach's Well-Tempered Clavier,cultural,yes,bach-well-tempered
321,2,1722,Bach Composes Well-Tempered Clavier,cultural,yes,bach-welltempered-clavier
322,2,1735,Linnaeus Creates Taxonomy,exploration,yes,linnaeus-taxonomy
322,2,1735,Linnaeus Names the Species,earth-life,yes,linnaeus-systema-naturae
323,2,1748,Montesquieu Spirit of the Laws,cultural,yes,montesquieu-spirit-laws
323,2,1748,Montesquieu's Separation of Powers,diplomatic,yes,separation-of-powers-concept
324,2,1751,Encyclopédie Published,cultural,yes,encyclopedia-published
324,2,1751,Diderot's Encyclopédie Begins,cultural,yes,encyclopedie-diderot
325,2,1759,Qing Conquest of Xinjiang,conflict,yes,qing-xinjiang-conquest
325,2,1759,Qing Conquers Xinjiang,diplomatic,yes,qing-expansion-central-asia
326,2,1762,Rousseaus Emile and Contract,cultural,yes,rousseau-publications
326,2,1762,Rousseau's Social Contract,diplomatic,yes,rousseaus-social-contract
327,2,1764,Spinning Jenny Invented,exploration,yes,spinning-jenny-invented
327,2,1764,Spinning Jenny Invented,exploration,yes,cotton-spinning-jenny
328,2,1768,First Encyclopedia Britannica,cultural,yes,britannica-first
328,2,1768,Encyclopaedia Britannica,communication,yes,first-encyclopedia-britannica-pub
329,2,1768,First Voyage of James Cook,exploration,yes,first-voyage-of-james-cook
329,2,1768,Captain Cook Pacific Voyages,exploration,yes,cook-pacific-voyages
330,2,1769,Watt Separate Condenser,exploration,yes,watt-separate-condenser
330,2,1769,Watt Improves Steam Engine,infrastructure,yes,steam-engine
331,2,1771,Factory System Develops,diplomatic,yes,factory-system-emergence
331,2,1771,First Cotton Mill Opens,infrastructure,yes,first-cotton-mill
332,2,1774,Oxygen Discovered,exploration,yes,oxygen-discovered
332,2,1774,Priestley Isolates Oxygen Gas,exploration,yes,priestley-oxygen-isolation
333,2,1775,American Revolutionary War Begins,conflict,yes,american-revolution-start
333,2,1775,Battles of Lexington and Concord,conflict,yes,battles-of-lexington-and-concord
334,2,1776,Declaration of Independence Signed,conflict,yes,american-independence
334,2,1776,Declaration of Independence Drafted,diplomatic,yes,declaration-of-independence-drafted
335,2,1778,Lavoisier Identifies Oxygen's Role,exploration,yes,lavoisier-oxygen
335,2,1778,Lavoisier Discovers Oxygen,exploration,yes,lavoisier-oxygen-combustion
336,2,1779,Spinning Mule Invented,exploration,yes,spinning-mule
336,2,1779,Spinning Mule Mechanical Refinement,infrastructure,yes,spinning-mule-details
337,2,1781,Uranus Discovered,exploration,yes,uranus-discovered
337,2,1781,Herschel Discovers Uranus,exploration,yes,herschel-discovers-uranus
338,2,1781,Siege of Yorktown,conflict,yes,battle-yorktown
338,2,1781,Yorktown Surrender,conflict,yes,yorktown-surrender
339,2,1785,Power Loom Invented,exploration,yes,power-loom-invented
339,2,1785,Power Loom Invented,exploration,yes,cotton-power-loom
340,2,1787,Mozart Premieres Don Giovanni,cultural,yes,mozart-don-giovanni
340,2,1787,Mozart Composes Don Giovanni,cultural,yes,mozart-operas
341,2,1787,Constitutional Convention,diplomatic,yes,constitutional-convention
341,2,1787,US Constitution Written,diplomatic,yes,us-constitution-written
342,2,1787,Convicts Transported to Australia,migration,yes,convict-transport-australia
342,2,1788,First Fleet Arrives in Australia,diplomatic,yes,first-fleet-australia
343,2,1788,US Constitution Ratified,diplomatic,yes,us-constitution
343,2,1788,US Constitution Ratified,diplomatic,yes,american-constitution-adoption
344,3,1789,French Revolution Begins,conflict,yes,french-revolution-start
344,3,1789,Storming of the Bastille,conflict,yes,bastille-day
344,3,1789,Storming of the Bastille,diplomatic,yes,storming-bastille-france
345,2,1789,Declaration of the Rights of Man,diplomatic,yes,french-declaration-rights
345,2,1789,Declaration of Rights of Man,diplomatic,yes,declaration-rights-man-citizen
346,3,1792,Semaphore Telegraph,exploration,yes,semaphore-telegraph
346,3,1792,Optical Telegraph Built,communication,yes,chappe-optical-telegraph
346,3,1794,Optical Telegraph System,infrastructure,yes,optical-telegraph-system
347,2,1793,King Louis XVI Executed,conflict,yes,louis-xvi-execution
347,2,1793,Execution of Louis XVI,diplomatic,yes,execution-of-louis-xvi
348,2,1793,Reign of Terror Begins,conflict,yes,reign-of-terror-begins
348,2,1793,Reign of Terror in France,diplomatic,yes,reign-terror-french-revolution
349,2,1793,Louvre Opens as Public Museum,cultural,yes,louvre-opens
349,2,1793,Louvre Museum,diplomatic,yes,louvre-opened
350,2,1794,Execution of Robespierre,diplomatic,yes,execution-of-robespierre
350,2,1794,Thermidorian Reaction,diplomatic,yes,thermidorian-reaction
351,2,1796,Smallpox Vaccine Developed,exploration,yes,vaccination-invented
351,2,1796,Jenner's Smallpox Vaccine,exploration,yes,jenner-vaccination-smallpox
352,3,1796,Lithography,exploration,yes,lithography
352,3,1796,Lithography Invention,infrastructure,yes,lithography-development
352,3,1796,Lithography Invented,communication,yes,lithography-invented
353,2,1799,Income Tax System,diplomatic,yes,income-tax
353,2,1799,First Income Tax Levied,money,yes,first-british-income-tax
354,2,1800,Volta Invents the Battery,exploration,yes,volta-battery
354,2,1800,Volta Invents Electric Battery,exploration,yes,volta-electric-battery
355,2,1803,Dalton's Atomic Theory,exploration,yes,dalton-atomic-theory
355,2,1808,Atomic Theory,exploration,yes,atom-dalton
356,2,1804,Napoleon Crowned Emperor,conflict,yes,napoleon-emperor
356,2,1804,Napoleon Crowned Emperor,diplomatic,yes,napoleon-coronation
357,2,1804,Haitian Revolution Succeeds,conflict,yes,haitian-revolution
357,2,1804,Haitian Independence,diplomatic,yes,haitian-independence
358,2,1804,Jacquard Loom Textile Innovation,cultural,yes,jacquard-loom-invented
358,2,1804,Jacquard Loom Invented,exploration,yes,jacquard-loom
359,2,1804,Code Napoleon,diplomatic,yes,code-napoleon
359,2,1804,Napoleonic Code,diplomatic,yes,criminal-law-code
360,2,1807,Fulton's Steamboat,diplomatic,yes,fultons-steamboat
360,2,1807,Commercial Steamboat,exploration,yes,commercial-steamboat
361,2,1808,Goethe Writes Faust Part 1,cultural,yes,goethe-faust
361,2,1808,Goethe Publishes Faust,cultural,yes,goethe-faust-publication
362,2,1810,Canning Invented,exploration,yes,canning-invented
362,2,1810,Food Canning Invented,food,yes,canning-food-preservation
363,2,1812,Napoleon Invades Russia,conflict,yes,napoleon-russia
363,2,1812,Napoleon's Russian Campaign,conflict,yes,napoleon-retreat-russia
364,2,1815,Battle of Waterloo,conflict,yes,napoleon-waterloo
364,2,1815,Battle of Waterloo,conflict,yes,battle-waterloo-napoleon
365,2,1815,Smith Founds Stratigraphy,exploration,yes,smith-stratigraphy
365,2,1815,First Geological Map,earth-life,yes,smith-geological-map
366,2,1815,Mfecane Wars and Zulu Expansion,conflict,yes,mfecane-wars
366,2,1820,The Mfecane Upheaval,diplomatic,yes,mfecane-populations-displaced
367,2,1816,Shaka Zulu Founds Zulu Kingdom,conflict,yes,shaka-zulu-kingdom
367,2,1816,Zulu Kingdom Forms Under Shaka,diplomatic,yes,zulu-kingdom-formation
368,2,1818,Zulu Develop Assegai Spear Tactics,conflict,yes,zulu-military-innovation
368,2,1818,Zulu Impis Organized,conflict,yes,zulu-impis-regiment
369,2,1819,First Atlantic Steamship Crossing,diplomatic,yes,first-atlantic-steamship-crossing
369,2,1819,SS Savannah,infrastructure,yes,first-steamship
370,2,1820,Electromagnetism Discovered,exploration,yes,electromagnetism-discovered
370,2,1820,Electromagnetism,exploration,yes,magnetism-electromagnetism
371,2,1821,Faraday's Electric Motor,exploration,yes,faraday-electric-motor
371,2,1821,Electric Motor Invented,exploration,yes,electric-motor
372,2,1824,Beethoven's Ninth Premieres,cultural,yes,beethoven-ninth
372,2,1824,Beethoven Composes Symphony No. 9,cultural,yes,beethoven-symphony-nine
373,2,1824,Portland Cement Patented,exploration,yes,portland-cement
373,2,1824,Portland Cement Development,infrastructure,yes,portland-cement-development
374,2,1824,Braille Invented,exploration,yes,braille-invented
374,2,1824,Braille System Created,communication,yes,braille-tactile-reading
375,2,1825,First Public Railway Opens,infrastructure,yes,first-railway
375,2,1825,Stephenson Locomotive,infrastructure,yes,first-locomotive
376,2,1829,Metropolitan Police,diplomatic,yes,police-force-modern
376,2,1829,Metropolitan Police Founded,infrastructure,yes,metropolitan-police-founded
377,2,1830,Belgian Independence,diplomatic,yes,belgian-independence
377,2,1831,Belgium Independence,diplomatic,yes,belgium-independence
378,2,1830,Lyell's Uniformitarian Geology,exploration,yes,lyell-uniformitarianism
378,2,1830,Lyell's Principles of Geology,earth-life,yes,lyell-principles-geology
379,2,1830,Liverpool-Manchester Railway Opens,infrastructure,yes,liverpool-manchester-railway
379,2,1830,Liverpool-Manchester Railway,infrastructure,yes,first-railroad
380,2,1831,Electric Generator Invented,exploration,yes,electric-generator
380,2,1831,Faraday's Induction,exploration,yes,faraday-electromagnetic-induction
381,2,1833,Factory Acts,diplomatic,yes,child-labor-law
381,2,1833,Factory Act (UK),diplomatic,yes,factory-act-uk
382,2,1839,Cell Theory Established,exploration,yes,cell-theory
382,2,1839,Cell Theory,exploration,yes,cell-structure
383,2,1839,Vulcanized Rubber Invented,exploration,yes,vulcanized-rubber
383,2,1839,Vulcanization of Rubber (Goodyear),exploration,yes,vulcanization-goodyear
384,4,1840,Penny Post Introduced,exploration,yes,penny-post-introduced
384,4,1840,First Postage Stamp Issued,exploration,yes,postage-stamp
384,4,1840,Penny Black Mail,infrastructure,yes,penny-post-britain
384,4,1840,First Postage Stamp,communication,yes,penny-black-postage-stamp
385,2,1842,First Anesthesia Surgery,diplomatic,yes,first-anesthesia-surgery
385,2,1842,Anaesthesia Discovered,exploration,yes,anaesthesia-discovered
386,2,1843,Rotary Printing Press Development,infrastructure,yes,rotary-press-development
386,2,1843,Rotary Printing Press,communication,yes,rotary-printing-press-hoe
387,2,1843,Joule Links Heat and Energy,exploration,yes,joule-heat-energy
387,2,1845,Joule Measures Heat Equivalent,exploration,yes,joule-mechanical-equivalent-heat
388,3,1844,First Telegraph Message,diplomatic,yes,first-telegraph-message
388,3,1844,Morse Telegraph Improvements,infrastructure,yes,morse-telegraph-refinement
388,3,1844,Morse Code Demonstrated,communication,yes,morse-code-telegraph-message
389,2,1845,Irish Potato Famine Begins,disasters,yes,irish-potato-famine
389,2,1846,Irish Famine Emigration,migration,yes,irish-famine-emigration
390,2,1846,Surgical Anesthesia Demonstrated,exploration,yes,anesthesia-invented
390,2,1846,Ether Anesthesia,exploration,yes,anesthesia-ether
391,2,1848,Spring of Nations,conflict,yes,spring-of-nations
391,2,1848,Springtime of Nations,diplomatic,yes,revolutions-of-1848
392,2,1848,Seneca Falls Convention,cultural,yes,seneca-falls-convention
392,2,1848,Seneca Falls Convention,diplomatic,yes,womens-rights-convention
393,2,1848,Public Health Act,diplomatic,yes,public-health
393,2,1848,Sanitation Authority,diplomatic,yes,sanitation-system
394,2,1850,Pinkerton Detectives,diplomatic,yes,detective-agency
394,2,1850,Pinkerton Agency Founded,law,yes,pinkerton-detective-agency
395,2,1851,Great Exhibition Opens,diplomatic,yes,great-exhibition-opens
395,2,1851,Great Exhibition Opens,candidates,yes,great-exhibition-london
396,2,1856,Bessemer Process,diplomatic,yes,bessemer-process
396,2,1856,Bessemer Steel Process,exploration,yes,bessemer-steel-process
397,2,1856,Neanderthal Fossil Identified,earth-life,yes,neanderthal-fossil-found
397,2,1856,Neanderthal Bones Discovered,candidates,yes,neanderthal-discovery
398,3,1858,First Transatlantic Cable,diplomatic,yes,first-transatlantic-cable
398,3,1858,Transatlantic Telegraph Cable,communication,yes,first-transatlantic-telegraph
398,3,1858,Telegraph Cable Insulation,infrastructure,yes,telegraph-cable-insulation
399,2,1859,Origin of Species Published,cultural,yes,origin-of-species
399,2,1859,Darwin Publishes Origin of Species,exploration,yes,darwin-evolution-origin
400,2,1860,Nightingale Nursing School,diplomatic,yes,nursing-school
400,2,1860,Nightingale Reforms Nursing,exploration,yes,nightingale-nursing-reform
401,3,1861,American Civil War Begins,conflict,yes,us-civil-war-start
401,3,1861,US Civil War Begins,conflict,yes,civil-war-start
401,3,1861,American Civil War Begins,conflict,yes,american-civil-war
402,2,1863,London Underground Opens,infrastructure,yes,london-underground
402,2,1863,London Underground,infrastructure,yes,subway-system
403,2,1864,Pasteurization Developed,exploration,yes,pasteurization
403,2,1864,Pasteurization Developed,exploration,yes,pasteurization-invented
404,2,1865,Maxwell's Equations,exploration,yes,maxwell-equations
404,2,1865,Maxwell Unifies Electromagnetism,exploration,yes,maxwell-electromagnetic-equations
405,2,1866,Mendel Discovers Genetics,exploration,yes,mendel-genetics
405,2,1866,Laws of Inheritance,exploration,yes,inheritance-mendel
406,2,1867,Dominion of Canada Established,diplomatic,yes,dominion-canada
406,2,1867,British North America Act,diplomatic,yes,british-north-america-act
407,2,1869,Periodic Table Created,exploration,yes,periodic-table
407,2,1869,Mendeleev's Periodic Table,exploration,yes,mendeleev-periodic-table
408,2,1870,Rome Becomes Italian Capital,diplomatic,yes,rome-becomes-italian-capital
408,2,1871,Italian Unification Completed,conflict,yes,italian-unification
409,2,1871,German Unification,conflict,yes,german-unification
409,2,1871,German Empire Proclaimed,diplomatic,yes,german-empire-proclaimed
410,2,1876,Bell Invents Telephone,exploration,yes,bell-telephone
410,2,1876,Telephone Diaphragm Development,infrastructure,yes,telephone-diaphragm
411,2,1882,Koch Identifies TB Bacteria,exploration,yes,koch-tuberculosis
411,2,1882,Koch Discovers TB Bacterium,exploration,yes,koch-tuberculosis-bacterium
412,2,1884,Fountain Pen Patented,exploration,yes,fountain-pen
412,2,1884,Fountain Pen Perfected,communication,yes,fountain-pen-perfected
413,2,1884,Berlin Conference,diplomatic,yes,berlin-conference
413,2,1884,Scramble for Africa Begins,diplomatic,yes,scramble-africa-begins
414,3,1885,First Steel-Frame Skyscraper,exploration,yes,steel-frame-skyscraper
414,3,1885,First Skyscraper Built,infrastructure,yes,first-skyscraper-chicago
414,3,1885,Steel Frame Building Construction,infrastructure,yes,steel-frame-building
415,2,1886,Coca-Cola Invented,exploration,yes,coca-cola-invented
415,2,1886,Coca-Cola First Sold,food,yes,coca-cola-first-sold
416,2,1890,Sherman Antitrust Act,diplomatic,yes,sherman-antitrust-act
416,2,1890,Sherman Anti-Trust Act,diplomatic,yes,anti-trust-law
417,2,1895,X-Rays Discovered,exploration,yes,x-rays-discovered
417,2,1895,X-Ray Discovery,exploration,yes,x-ray-discovery
418,2,1895,First Motion Picture Screened,cultural,yes,first-motion-picture
418,2,1895,Lumière Cinematograph,exploration,yes,lumiere-cinematograph
419,2,1896,First Modern Olympic Games,cultural,yes,first-modern-olympics
419,2,1896,"First Modern Olympics, Athens",sports,NO,first-modern-olympics-athens-1896
420,2,1903,First Powered Flight,exploration,yes,powered-flight
420,2,1903,Wright Brothers' First Flight,exploration,yes,wright-brothers-flight
421,2,1911,Chinese Revolution,conflict,yes,chinese-revolution
421,2,1912,Republic of China Established,diplomatic,yes,chinese-republic
422,2,1912,Continental Drift Proposed,exploration,yes,continental-drift
422,2,1912,Continents Are Found to Drift,earth-life,yes,wegener-continental-drift
423,2,1917,October Revolution,conflict,yes,october-revolution
423,2,1917,Bolshevik Revolution,diplomatic,yes,bolshevik-revolution
424,2,1919,Treaty of Versailles Signed,conflict,yes,treaty-versailles
424,2,1920,Treaty of Versailles,diplomatic,yes,treaty-versailles-effect
425,2,1920,Jazz Age Begins,cultural,yes,jazz-age-begins
425,2,1920,Roaring Twenties Begin,cultural,yes,roaring-twenties-era
426,2,1922,Irish Free State Established,diplomatic,yes,irish-free-state
426,2,1922,Anglo-Irish Treaty Ratified,diplomatic,yes,anglo-irish-treaty
427,2,1925,Scopes Trial,diplomatic,yes,scopes-trial
427,2,1925,Scopes Monkey Trial,candidates,yes,scopes-trial-evolution
428,2,1928,Penicillin Discovered,exploration,yes,penicillin-discovered
428,2,1928,Penicillin Discovery,exploration,yes,antibiotics
429,4,1929,Black Thursday,diplomatic,yes,black-thursday
429,4,1929,Great Depression Begins,diplomatic,yes,great-depression-economy
429,4,1929,Great Depression Begins,disasters,yes,great-depression-begins
429,4,1929,Great Wall Street Crash,money,yes,wall-street-crash-1929
430,2,1930,First Soccer World Cup,games-sport,yes,first-world-cup-1930
430,2,1930,First FIFA World Cup,candidates,yes,first-fifa-world-cup
431,2,1933,Hitler Becomes Chancellor,conflict,yes,hitler-chancellor
431,2,1933,Rise of Nazi Germany,diplomatic,yes,rise-hitler-nazism
432,2,1936,Germany Reoccupies Rhineland,diplomatic,yes,rhineland-remilitarization
432,2,1936,Rhineland Remilitarized,diplomatic,yes,rhineland-remilitarized
433,2,1936,Jesse Owens at Berlin Olympics,cultural,yes,jesse-owens-berlin-olympics
433,2,1936,Owens Wins Four Olympic Golds,games-sport,yes,jesse-owens-four-golds
434,2,1937,Nanjing Massacre,conflict,yes,rape-nanking
434,2,1937,Rape of Nanking,diplomatic,yes,rape-of-nanking
435,2,1938,Anschluss,conflict,yes,anschluss
435,2,1938,Germany Absorbs Austria,diplomatic,yes,germany-absorbs-austria
436,2,1938,Ballpoint Pen Patented,exploration,yes,ballpoint-pen
436,2,1938,Ballpoint Pen Invented,communication,yes,ballpoint-pen-biro
437,3,1939,World War II Begins,conflict,yes,wwii-start
437,3,1939,Invasion of Poland,conflict,yes,invasion-of-poland
437,3,1939,Blitzkrieg Tactics Deployed,conflict,yes,blitzkrieg-tactics-deployed
438,2,1944,IMF and World Bank Established,diplomatic,yes,imf-world-bank
438,2,1944,Bretton Woods Conference,diplomatic,yes,bretton-woods-conference
439,2,1945,Atomic Bomb Dropped on Hiroshima,conflict,yes,hiroshima
439,2,1945,Atomic Bombing of Hiroshima,disasters,yes,hiroshima-bombing
440,2,1945,Atomic Bomb on Nagasaki,conflict,yes,atomic-bomb-nagasaki-ww2
440,2,1945,Atomic Bombing of Nagasaki,disasters,yes,nagasaki-bombing
441,2,1945,V-J Day,conflict,yes,wwii-end-pacific
441,2,1945,World War II Ends,conflict,yes,wwii-end
442,2,1945,United Nations Founded,diplomatic,yes,united-nations-founded
442,2,1945,UN Charter Signed,diplomatic,yes,san-francisco-conference-un
443,2,1946,First ENIAC Computer,diplomatic,yes,first-eniac-computer
443,2,1946,ENIAC Computer Unveiled,candidates,yes,eniac-computer-unveiled
444,3,1947,Partition of India,conflict,yes,partition-india
444,3,1947,Indian Independence,diplomatic,yes,indian-independence
444,3,1947,Partition of India Migration,migration,yes,partition-of-india-migration
445,2,1948,Declaration of Human Rights,diplomatic,yes,universal-declaration-rights
445,2,1948,Universal Human Rights Declared,law,yes,universal-declaration-human-rights
446,2,1948,NASCAR Incorporated,cultural,yes,nascar-incorporated
446,2,1948,NASCAR Is Founded,sports,NO,nascar-founded-1948
447,2,1949,Communist Revolution in China,conflict,yes,chinese-communist-victory
447,2,1949,People's Republic of China Founded,diplomatic,yes,prc-founded
448,2,1950,Korean War Begins,conflict,yes,korean-war-start
448,2,1950,Korean War Begins,conflict,yes,korean-war-begins-1950
449,2,1950,Credit Card Invented,exploration,yes,credit-card-invented
449,2,1950,First Charge Card,money,yes,diners-club-charge-card
450,2,1951,European Coal and Steel Community,diplomatic,yes,european-coal-steel
450,2,1951,Treaty of Paris (ECSC),diplomatic,yes,treaty-of-paris-ecsc
451,2,1954,First Organ Transplant,exploration,yes,first-organ-transplant
451,2,1954,First Successful Kidney Transplant,medicine,yes,first-kidney-transplant
452,2,1956,Hungarian Revolution,conflict,yes,hungarian-revolution
452,2,1956,Hungarian Uprising,conflict,yes,hungarian-uprising-1956
453,2,1957,Sputnik Launched,exploration,yes,sputnik-launched
453,2,1957,Sputnik Launch,exploration,yes,sputnik-launch-space
454,2,1959,Cuban Revolution Succeeds,conflict,yes,cuban-revolution
454,2,1959,Cuban Revolution Victory,conflict,yes,cuban-revolution-victory
455,2,1960,Birth Control Pill Approved,cultural,yes,birth-control-pill
455,2,1960,Birth Control Pill Approved,exploration,yes,oral-contraceptive-pill
456,2,1960,Mariana Trench Explored,exploration,yes,mariana-trench
456,2,1960,Trieste Reaches Ocean Floor,exploration,yes,bathyscaphe-trieste
457,2,1960,African Year of Independence,diplomatic,yes,decolonization-africa
457,2,1960,Year of Africa,candidates,yes,year-of-africa-1960
458,3,1962,Cuban Missile Crisis Resolution,diplomatic,yes,cuban-missile-resolution
458,3,1962,Cuban Missile Crisis,diplomatic,yes,cuban-missile-crisis-1962
458,3,1962,Cuban Missile Crisis,candidates,yes,cuban-missile-crisis-standoff
459,2,1962,First Communications Satellite,exploration,yes,communications-satellite
459,2,1962,Telstar Relays TV Signal,communication,yes,communications-satellite-relay
460,2,1963,JFK Assassinated,conflict,yes,jfk-assassination
460,2,1963,Death of John F Kennedy,people,yes,death-john-f-kennedy
461,2,1963,March on Washington,cultural,yes,march-on-washington
461,2,1963,I Have a Dream Speech,cultural,yes,i-have-a-dream-speech
462,2,1964,Beatles Arrive in USA,cultural,yes,beatles-usa
462,2,1964,Beatles on Ed Sullivan,cultural,yes,beatles-ed-sullivan
463,2,1964,Vietnam War Escalates,conflict,yes,vietnam-war-escalates-1964
463,2,1964,Gulf of Tonkin Resolution,diplomatic,yes,gulf-of-tonkin-resolution
464,2,1971,Bangladesh Liberation War,conflict,yes,bangladesh-liberation-war
464,2,1971,Indo-Pakistani War,conflict,yes,indo-pakistani-war-1971
465,2,1971,Intel Microprocessor,diplomatic,yes,intel-microprocessor
465,2,1971,Microprocessor Invented,exploration,yes,microprocessor-invented
466,2,1971,First Email Sent,cultural,yes,first-email
466,2,1971,Email Invented,exploration,yes,email-invented
467,2,1974,Rubik's Cube,exploration,yes,rubiks-cube
467,2,1974,Rubik's Cube Invented,games-sport,yes,rubiks-cube-invented
468,2,1975,Fall of Saigon,conflict,yes,vietnam-war-end
468,2,1975,Vietnam War Ends,conflict,yes,vietnam-end
469,2,1977,First Human DNA Sequencing,exploration,yes,first-dna-sequencing
469,2,1977,DNA Sequencing Method,exploration,yes,dna-sequencing-method
470,2,1978,First Test-Tube Baby,exploration,yes,test-tube-baby
470,2,1978,First IVF Baby Born,exploration,yes,ivf-first-baby
471,2,1979,Iranian Revolution,conflict,yes,iranian-revolution
471,2,1979,Islamic Republic of Iran,diplomatic,yes,iran-revolution
472,2,1981,AIDS Identified,cultural,yes,aids-identified
472,2,1981,AIDS Epidemic Recognized,disasters,yes,aids-epidemic-recognized
473,2,1982,First Artificial Heart,cultural,yes,first-artificial-heart
473,2,1982,First Artificial Heart Implanted,exploration,yes,artificial-heart-implanted
474,2,1984,Bhopal Disaster,disasters,yes,bhopal-disaster
474,2,1984,Bhopal Gas Disaster,disasters,yes,bhopal-gas-disaster
475,2,1985,First Hole in Ozone Layer,diplomatic,yes,first-ozone-hole-discovered
475,2,1985,Ozone Hole Discovered,candidates,yes,ozone-hole-discovered
476,2,1987,First AIDS Drug Approved,medicine,yes,azt-approved-aids
476,2,1987,First HIV Treatment Approved,candidates,yes,azt-hiv-treatment
477,2,1988,Pan Am Flight 103,diplomatic,yes,pan-am-flight-103
477,2,1988,Lockerbie Bombing,disasters,yes,lockerbie-bombing
478,2,1989,Fall of the Berlin Wall,conflict,yes,berlin-wall-fall
478,2,1989,Fall of Berlin Wall,diplomatic,yes,fall-berlin-wall-1989
479,3,1991,Soviet Union Dissolves,conflict,yes,soviet-union-collapse
479,3,1991,Soviet Union Collapses,conflict,yes,soviet-collapse
479,3,1991,Collapse of Soviet Union,diplomatic,yes,collapse-soviet-union-1991
480,2,1991,Gulf War Begins,conflict,yes,gulf-war
480,2,1991,Operation Desert Storm,diplomatic,yes,operation-desert-storm
481,2,1991,Yugoslav Wars Begin,conflict,yes,yugoslavia-wars-start
481,2,1991,Slovenia and Croatia Independence,diplomatic,yes,slovenia-croatia-independence
482,2,1992,Maastricht Treaty,diplomatic,yes,maastricht-treaty
482,2,1993,European Union Created,diplomatic,yes,european-union-created
483,4,1994,Apartheid Ends in South Africa,conflict,yes,apartheid-ends
483,4,1994,Apartheid Ends,conflict,yes,apartheid-end
483,4,1994,Nelson Mandela Elected President,cultural,yes,mandela-elected-president
483,4,1994,ANC Wins Election,diplomatic,yes,anc-wins-election
484,2,1995,World Trade Organization Founded,diplomatic,yes,wto-founded
484,2,1995,WTO Created,diplomatic,yes,wto-created
485,2,1999,Kosovo War Ends,conflict,yes,kosovo-war
485,2,1999,NATO Kosovo Campaign,diplomatic,yes,nato-kosovo-campaign
486,2,2002,Criminal Court Established,diplomatic,yes,icc-established
486,2,2002,International Criminal Court Opens,law,yes,international-criminal-court-opens
487,2,2004,EU Eastern Expansion,diplomatic,yes,eu-eastern-expansion
487,2,2004,EU Expansion to 25,diplomatic,yes,eu-expansion-25
488,2,2005,YouTube Founded,cultural,yes,youtube-founded
488,2,2005,YouTube Launched,exploration,yes,youtube-launched
489,2,2008,Global Financial Crisis,disasters,yes,global-financial-crisis
489,2,2008,Lehman Brothers Collapse,disasters,yes,lehman-brothers-collapse
490,2,2013,First Lab-Grown Burger Tasted,exploration,yes,lab-grown-burger
490,2,2013,First Lab-Grown Burger,food,yes,lab-grown-meat-tasted
491,2,2015,Refugee Crisis Peak,diplomatic,yes,refugee-crisis-peak
491,2,2015,European Migrant Crisis,migration,yes,european-migrant-crisis
492,2,2021,US Withdrawal from Afghanistan,diplomatic,yes,us-withdrawal-afghanistan
492,2,2021,Taliban Return to Power,diplomatic,yes,taliban-return-to-power
